Order ID,Order Date,Customer Name,State,City
1a6fa433,2024-03-13,Katherine Nelson,Mississippi,New Calebland
84b5dd05,2024-09-10,Ashley Nicholson,South Carolina,Michaelberg
100f3011,2024-07-15,Stephen Lopez,Idaho,North Brandyburgh
9118e063,2024-08-13,Ashley Miller,Nevada,East Dennisfurt
4ebfcb4e,2024-04-05,Maria Jordan,Wyoming,Sanchezburgh
87bb1dad,2024-04-20,Michael Calhoun,Georgia,Millerborough
911c5844,2024-09-04,Brandon Rodriguez,Oklahoma,Kariburgh
90b853f5,2024-10-27,Samantha Guerrero,New York,Anthonytown
0d606b92,2024-07-05,Natalie Cummings,California,Barkerfort
2c5c1d28,2024-05-22,Christine Jones MD,Maine,Perezborough
8da50385,2024-04-06,Holly Scott,Colorado,Robertview
26af1389,2024-12-10,David Johnson,Idaho,South Donaldside
a0849e64,2025-02-02,Ronald Holt,Oklahoma,South Kyle
30d03e60,2024-12-24,Henry Perez,Rhode Island,South Renee
35e27149,2025-02-11,Randall Barnes,Nevada,Parkerstad
a546bb22,2024-09-06,Rachel Brown,West Virginia,East Kiarashire
4ddb5717,2024-11-24,Amanda Gomez,Illinois,Caitlinchester
2dc31789,2025-02-07,Haley Romero,Pennsylvania,Susanstad
960eec96,2024-11-15,Gregory Thompson DDS,Texas,Cooleytown
65241ca0,2025-01-09,Mr. Jacob Hale,Delaware,Lake Denise
18d311e6,2024-07-14,Jennifer Foley,Iowa,Port Jeffreyburgh
aeec8c59,2025-02-03,Amber Campbell,New Mexico,Lake Erinbury
58d41853,2024-06-12,Kaitlin Lee,Rhode Island,Bellview
ef2cace8,2025-02-11,Debra Marsh,Arizona,Madisonburgh
51848426,2024-10-26,Charles Clarke,Massachusetts,East Kathleen
0c0e8e60,2025-02-05,Jimmy Hubbard,South Carolina,West Lisa
f17c0914,2024-08-27,Vanessa Randall,Wisconsin,Andrewsshire
8a2f79e0,2024-11-07,Samuel Peck,Delaware,East Jacobview
d1d9558a,2024-07-17,Dana Mcconnell,Michigan,Port Brittany
69bc51fe,2024-12-12,Erica Frost,Rhode Island,West Jamiemouth
505e9d7e,2024-04-30,David Freeman,Kansas,New Laura
af4b53eb,2024-07-14,Patricia Green,New Jersey,Port Donna
f468c569,2024-04-23,William Taylor,New Jersey,Davidshire
2001cdbc,2024-05-06,Kaitlin Walker,Minnesota,Jacobston
03816245,2024-04-18,Sue Smith,New Mexico,Smithberg
1bc5fc07,2024-05-17,John Nelson,Rhode Island,West Jonathan
9f68e527,2024-06-23,Mr. John Brewer,Illinois,West Tonyaside
527da798,2025-01-05,Jennifer Clark,Mississippi,Brownchester
e6c8f696,2024-12-03,John Griffin,Hawaii,Laurabury
3352b6f7,2024-10-06,Colleen Villa,Montana,North Dannyburgh
fccd34f9,2024-12-17,Morgan Soto,Colorado,South Evelyn
5eebb0b7,2024-04-17,Anthony Anderson,Nevada,South Amberview
243a32ad,2024-07-03,Mrs. Tracy Valdez,New Mexico,New Matthewville
2a32eded,2025-01-09,Corey Garcia,Rhode Island,Lindastad
e5db6699,2024-09-12,Cassandra Brennan,Ohio,South Elainehaven
d8e71aa2,2024-06-15,Deborah Coleman,New York,North Joann
b32d8022,2024-05-30,John Goodwin,Texas,North Javier
1533d225,2024-06-25,Kathy Thomas,Florida,West Keith
cedd81e9,2024-08-02,Elizabeth Griffin,South Carolina,Robinshire
180d87c7,2025-01-17,Rebecca Barnes,Kentucky,South Michelle
6e04a5c9,2025-02-19,Jenny Montgomery,Mississippi,Wayneton
9d6a07cf,2024-07-26,Kimberly Wilson,Indiana,South Jessica
9f57a1eb,2024-10-24,Pamela Baker,Montana,West Ryan
f882ed31,2024-09-29,Catherine Burgess,Ohio,Shieldsbury
e32a95dc,2024-09-20,Brittany Salazar,Maryland,Port Randall
358ccc52,2024-07-21,Eric Garza,Wisconsin,Lake Wanda
758161b4,2024-07-06,Terry White,South Dakota,Edwardsstad
8cae542c,2024-03-30,George Simon,Tennessee,Carrollton
ca01b8dc,2024-10-19,Michele Barry,Idaho,Davidfort
3428503c,2024-06-14,Kevin Wiley,Connecticut,Lake Beverlybury
fb94fa77,2024-04-15,Ronald Fernandez,Louisiana,West Patrick
daf4a640,2025-02-13,Brian Rowland,Florida,Greenview
8dedaeb3,2024-08-31,William Riggs,Pennsylvania,Melissaburgh
adfbeeef,2024-10-16,Jonathan Schneider,Illinois,New Dannychester
bea5d8bb,2025-01-06,Elaine Strickland,Oregon,East Lisaland
c885a8e0,2024-10-01,Kimberly Morales,Washington,New Robertstad
9672429b,2024-06-18,Mark Thompson,Arkansas,South Earl
36a8aead,2024-11-29,Jesse Wade,Massachusetts,New Debbiebury
fa156489,2024-04-19,Nancy Sims,Delaware,South Traci
6011836f,2025-02-06,Christopher Hernandez,Alabama,Reyesfort
d858f706,2024-05-04,Jaime Wilson,Massachusetts,Stevenborough
4d70a8fb,2024-08-10,Frederick Morrow,Louisiana,Port Raymondland
714ba27f,2024-09-10,James Stephens,West Virginia,Lake Jacobton
33f73eb9,2025-03-06,Kathryn Roman,New York,Shortborough
ae31c83b,2024-09-26,Nathan Tate,Missouri,North Elizabeth
d83669da,2024-05-23,James Saunders,Colorado,Lake Jessica
a4316de2,2024-03-24,Matthew Smith,Arkansas,Mariaside
cc1b7192,2024-08-03,Michelle Frank,West Virginia,Mitchellhaven
19c3a74a,2024-07-18,Emily Bridges,Montana,Shannonborough
3df1709f,2024-04-24,Mark Garcia,Utah,Brianstad
4d3af7d6,2024-06-29,Ashley Burch,Wyoming,Rogersbury
f6119be0,2024-04-23,Nicole Ramos,Ohio,Leonardmouth
f1c43b41,2025-02-09,Melanie Stokes,New York,Jonesborough
92b2f00f,2024-10-01,Christopher Kramer,Rhode Island,Lanetown
d414239a,2024-08-07,John Harris,New Hampshire,Bushland
948fdc67,2024-12-15,Jennifer Shepherd,Rhode Island,Johntown
3eff268f,2024-10-31,Emily Nguyen,Arkansas,Batesshire
54a3e43a,2025-02-24,Chad Robinson,Rhode Island,Spencerhaven
1cda5f35,2024-09-20,Laurie Ferguson,Illinois,Lake Katherinestad
8a9a65e3,2024-07-09,Tracey Smith,Washington,New Melindahaven
f6056f86,2024-12-23,Matthew Brennan,Maryland,Kevinland
0df4f657,2024-04-05,Jacob Rogers,Delaware,East Mark
3c59e7aa,2024-03-30,Samuel Beck DVM,Rhode Island,Port Jason
ed6644c4,2024-09-20,Candice Long,Massachusetts,South Gerald
4a594cea,2024-07-20,Ryan Jimenez,Maine,Brownborough
253780c3,2024-09-24,Joseph Williams,Florida,Colleenshire
cc19c15b,2024-08-28,Amanda Jones,Illinois,New Nicolechester
e5e5d13c,2024-07-03,Brandi Young,Alaska,West Ashleyland
3f895828,2024-07-07,Ashley Harris,Nebraska,Mendozaport
1f4c6d5f,2024-11-28,Haley Carr,Ohio,North Norma
b2507151,2025-01-03,Sandra Horn,Montana,Gregorymouth
0ee5135c,2024-08-25,Pamela Wheeler,Connecticut,West Jonathanside
1434c363,2024-06-20,Jeffrey Long,Connecticut,South Emilyfort
5f083cd9,2024-07-08,Ryan Flowers,Pennsylvania,South Sarah
a65246a1,2024-03-24,Debbie Crawford,Colorado,Port Dillonfort
45918071,2024-05-09,Luis Brown,North Dakota,Harperhaven
1609c84f,2024-12-23,Larry Johnson,Kansas,Bethfort
a0ad1793,2025-03-10,Keith Stark,Wisconsin,Timothystad
1676f524,2025-01-20,Barbara Todd,Nevada,North Anne
62e5f80e,2024-04-24,Logan Hansen,New Jersey,Debbieside
42d0d518,2024-10-23,Andrea Grant,North Carolina,South David
e3c23262,2024-09-11,Kevin Vincent,Indiana,Martinborough
e547cb90,2024-10-26,Roy Mills,North Carolina,Heatherview
22ee931f,2025-02-19,David Medina,Indiana,Ianville
93506dd0,2025-01-25,Victor Mejia,Kansas,Hansonhaven
6fb22d2c,2024-10-05,Heather Collins,Idaho,Brendaburgh
f1a22d3f,2024-12-05,Margaret Boone,Georgia,New Kellyland
7323e5bc,2025-03-01,Terry Young,Minnesota,Robertside
c6891a39,2024-11-11,Lisa Dunn,New Jersey,Lake Jeremychester
289bf10d,2024-07-08,Andrea Mclaughlin,Ohio,Davidchester
22eab21c,2024-09-25,Rodney Mueller,Washington,Lake Tracyhaven
9e6cd6b3,2025-02-11,Alan Russo,Washington,New Mary
7112fd05,2025-02-23,Abigail Martinez,Kentucky,East Jennifer
d669c85a,2024-06-14,Jason Glass,Indiana,Acevedotown
2ca8db8e,2024-12-07,James Lee,Georgia,Leslieview
a26b7459,2024-08-19,Douglas Watson,Vermont,Huangmouth
80cdd3e0,2024-11-12,Christopher Summers,New Jersey,Courtneyhaven
797aa6c6,2024-09-29,Amy Bernard,Idaho,Port Linda
c23b409e,2024-10-05,Paige Anderson,Maine,Littleland
b8c6089d,2024-09-12,Sabrina Cook,Montana,East Lisa
f20c1b67,2025-02-09,Nicole Russell,West Virginia,New Ashleyland
3ff6e9c5,2025-02-23,Megan Taylor,New Mexico,Mataview
cc9dd1e9,2024-07-27,Margaret Smith,Texas,East Joshuabury
205a0ed4,2024-07-28,Austin Rose,Massachusetts,Lake Scott
abeda807,2024-12-18,Lauren Green,North Carolina,North Jennifer
07563e5c,2025-01-22,Brian Wong,Idaho,Phillipsstad
08326476,2024-04-15,Jessica Little,New York,New Katrinahaven
96bd2aad,2024-09-30,Christine Reynolds,New Jersey,North Davidhaven
47aa1d7b,2024-10-07,Mr. Juan Berry,Illinois,Hofurt
75211e9b,2024-04-15,Joseph Long,Virginia,Matthewton
aabc630e,2024-10-15,Tiffany Wong,Colorado,North Bryan
ec09fe9a,2025-02-12,David Garner,Alabama,Lake Justin
6247ed41,2024-10-28,Bonnie Jackson,Washington,Keithshire
faf3d2d9,2024-08-03,Rebecca Crawford,Georgia,New Janetmouth
67494c9d,2025-01-12,William Pratt,Washington,North Justin
ed34d23a,2024-03-15,Jacob Chapman,New Hampshire,Lake Jimmy
aa2e495b,2025-01-17,Geoffrey Townsend,Oklahoma,Nguyenbury
cf00a63a,2024-07-05,Joshua Archer,Montana,South Kevinville
a9e200ec,2024-10-07,Barbara Simpson MD,Indiana,Lake Jessica
20a976e8,2024-04-08,Kevin Bright,Texas,Nicolemouth
c852c501,2024-06-26,Colleen Sanchez,New Jersey,Kelleymouth
1c97e46d,2024-09-21,Hannah Brennan,Vermont,Kellyland
2c0f0d31,2024-06-29,Nathan Buck,Idaho,West Davidville
fe5a4928,2024-07-27,Tammy Craig,California,Lake Daniel
7c94d198,2024-11-09,Randy Perez,Virginia,South Michellemouth
ea91c128,2025-03-08,Robert White,Kentucky,West Catherinetown
30946515,2025-01-29,Clayton Wright,Hawaii,West Angela
fdf9a370,2024-08-19,Mr. Daniel Mitchell Jr.,Michigan,Shortland
a171845c,2024-03-13,Joshua Flores,Delaware,Smithville
41f654e4,2024-06-14,Steven Johnson,Maryland,West Kathryn
09e1c834,2024-06-13,John Hernandez,Arkansas,Lake Alexandraberg
b8d5aa31,2024-07-10,Wendy Anderson,Alaska,Amandaburgh
b3552e6c,2024-06-26,Ashley Jordan,Oregon,West Ivanview
3a66ba08,2025-02-24,Mark Smith,Louisiana,Port Jessica
17a4a0d2,2024-11-25,Jessica Townsend,Maine,Brianland
10af40b0,2024-04-28,Sarah Knox,New Mexico,South Johnhaven
db9826ec,2024-10-16,James Hansen,Virginia,Hayesshire
c8876c2f,2025-03-07,Andrea Johnson,Pennsylvania,South Tammie
783a91e9,2024-04-22,Leah Drake,North Dakota,Valerieview
79223624,2024-12-31,Tiffany Krause,Louisiana,Singhside
2252ca4d,2024-04-15,Kimberly Smith,Ohio,East Nicholefort
ded7e9e1,2024-11-09,Brittney Turner,North Dakota,Romerohaven
1033e1cc,2024-05-31,Tara Mills PhD,Utah,South Brian
f2ca8a1f,2024-12-13,Nicole Hall,Kentucky,West Stephanieborough
402abb86,2024-10-15,Mark Martinez,Pennsylvania,New Anneshire
8039fbe8,2024-09-27,Randy Baker,California,Arthurhaven
5bdfbbeb,2024-11-13,Donna King,Kansas,East Stephanieton
29f8d257,2024-07-26,Christopher Cruz,Vermont,Port Trevorborough
647c2a52,2024-08-16,Pam Santiago,Indiana,West Vicki
05b18e45,2025-01-09,Joseph Lucas,North Dakota,Joshuaside
6c3a1d18,2025-01-20,Jeremy Brooks,California,Schmidtside
1dc2e654,2024-09-03,Dr. Jenna Miranda,New York,Johnsonbury
f3e8be2a,2024-06-30,Derrick Taylor,Rhode Island,Josephbury
2f176eec,2024-03-18,Alicia Gates,Maine,Roberttown
8a8c256e,2024-12-20,Jenna Hayes,Michigan,Perkinsview
5b1f80c1,2025-03-04,Sarah Rodriguez,Texas,Stevensville
624e024b,2024-06-15,Carrie Cook,Maine,North Cynthia
0bab4cfc,2025-02-19,Robert Wolf,Colorado,East Peter
814e4a10,2024-03-18,Adam Mccarty DVM,Iowa,Natashastad
016313da,2024-05-02,Patrick Mack,North Dakota,Bishopmouth
caec5c7e,2024-11-01,Danny Morgan,Colorado,Vasquezhaven
280fc274,2024-06-30,Andrea Austin,Delaware,Port Mandy
9d8cbdcc,2024-10-12,Mr. Sean Pittman,Arizona,Ortizside
d602bcf7,2024-09-06,Karen Andersen,Massachusetts,West Territown
87888739,2024-12-21,Thomas Ross,Indiana,New Williamland
0d865adb,2024-06-02,Stephanie James,Missouri,Freemantown
7394728c,2024-06-25,Mark Johnston,Colorado,Smithland
906390b1,2024-05-13,Michael Mason,Texas,East April
aa1d2006,2024-12-15,Nancy Sutton,Maryland,West Emily
44c4e8e5,2024-07-03,Manuel Perez,Connecticut,Samuelville
19705eac,2024-10-11,Matthew Torres,Alabama,North Anthony
bd938362,2025-01-23,Andrew Dudley,Vermont,Lake Kimberly
9355bb05,2024-04-08,Michael Johnson,Idaho,Bobbyside
fda89ad8,2024-08-21,Christopher Ortiz,Pennsylvania,West Stephaniefurt
32b066a9,2024-04-16,Michael Chang Jr.,Utah,Christinefort
fc90989e,2024-05-25,Sarah Blackwell,New Mexico,Shannonburgh
93a10f7a,2024-11-19,Stephanie Myers,Alabama,West Raymond
d1e77c43,2025-01-20,Matthew Moore,Virginia,South Adamland
99265ba0,2024-05-26,Daniel Espinoza,Illinois,Harrisonchester
2b5ceac1,2024-10-22,Ashley Aguilar,Ohio,East Jimmy
a22bdce7,2024-11-14,Karen Jensen,Nevada,Brownchester
599f3b60,2024-06-25,Ivan Garcia,Oregon,West Veronica
920879d3,2025-03-07,Matthew Hernandez,North Carolina,Lake Ruben
1958727c,2025-02-28,Miranda Lee,Nevada,Sheilamouth
9207bed1,2024-10-22,Cynthia Brewer,Rhode Island,West Joseph
23ee2b04,2024-05-17,Jaime Olson,Pennsylvania,Martinezview
aad75e0a,2024-09-10,Katherine Stevenson,Maine,North Jillside
6bb498cb,2024-11-13,Javier Cameron,Louisiana,Michaelside
8ad6b17e,2024-05-08,Paula Fleming,South Dakota,West Heatherport
d4321353,2024-05-30,Lori Jones,Missouri,New Donnabury
11871683,2024-03-21,Eric Bowen,Ohio,Michelleville
adf4d4bb,2025-02-12,Stephanie Martin,Delaware,West Jeffrey
c8f79e3c,2025-01-25,Terry Gonzalez,Tennessee,East Jennifer
e1862664,2024-12-25,Brian Evans,Nebraska,New Geraldhaven
f2804900,2024-09-12,Alice Gonzales,Colorado,Briannaside
9d7fbd9b,2025-01-13,Tim Evans,Arkansas,Kimhaven
00686ca1,2024-04-30,Amanda Guerrero,Kansas,Dianeside
187e9bce,2024-11-01,Ryan Clarke,Delaware,West Frankport
3f8d146c,2024-10-04,Jasmine Anderson,North Dakota,Phillipsview
67c83bf5,2024-07-28,Jonathan Cunningham,Delaware,Dennisville
a85bb428,2024-05-16,Ashley Gutierrez,Florida,Pachecofort
64bf083e,2025-03-06,Stacey Bass DVM,Virginia,West Juanborough
19f5bb7b,2024-05-22,Kathleen Thomas,New Hampshire,West Suefort
07059d8a,2024-03-25,Mary Marquez,Washington,Matthewport
f1cc76ba,2025-02-07,Jerry Wells,Arkansas,South Nicholaschester
6105933a,2025-01-13,Christian Robbins,North Dakota,Randallmouth
3dd26db8,2024-08-03,Bradley Cochran,Florida,South Tammy
03ec6aef,2024-07-19,Misty Escobar,California,Georgeberg
9773f457,2024-04-19,Gerald Rodriguez,Wyoming,West Alexandraton
958de64a,2024-06-20,Eric Walker,Nevada,Carrollburgh
8e81d012,2024-07-20,Jenna Ball,Rhode Island,Williamland
cc58cd2a,2024-08-12,Kathleen Gaines,Delaware,New Elizabeth
c9c56492,2025-01-11,Abigail Mckee,New York,New Cameronborough
bf037daf,2025-03-06,Stephanie Webster,Colorado,Williamchester
98ebc8c3,2024-11-09,Sarah Garcia,Washington,South Traciborough
22bd4492,2025-02-14,Kevin Thomas,New Mexico,West Adam
72a92937,2024-03-28,Eric Ortiz,Idaho,Patriciaport
22fca4d2,2024-11-16,Miss Jennifer Hicks,Pennsylvania,Matthewshire
47d0786e,2025-01-09,James Smith,North Carolina,North Bridget
17e64dac,2025-01-27,Brittany Sanford,New Mexico,Davidville
15c0c1aa,2024-05-12,Keith Perez,Kentucky,Lisaville
a744ae4e,2024-05-20,Nicole Phillips,North Carolina,Lake Ashleyburgh
1d85a144,2025-02-21,Jonathan Evans,Wisconsin,South Kyleborough
d0aa5dbb,2024-07-28,Nina Murphy,New Jersey,North Isaiah
a27afdad,2025-01-12,Mary Bennett,North Dakota,West Kimberly
6332e0c2,2024-05-19,Lisa Anderson,Ohio,South Gregoryland
5797f5e6,2024-12-06,Dawn Newton,California,East Amychester
36d11906,2024-04-12,Alison Mercado,Minnesota,Masonport
eb9b0018,2024-07-15,Jamie Bowers,Oklahoma,North Samanthatown
433d47f9,2024-10-15,Samuel Smith,Oregon,West Shannon
f3427172,2024-05-31,George Gray,Arkansas,Nathanland
12a5a19f,2024-10-31,Ana Martinez,New Jersey,Danaberg
4bffb195,2024-05-11,Justin Williams,New York,Stephanieshire
297d9dc3,2024-08-27,Kelly Gordon,New Mexico,Jonathanfurt
b83f9f5a,2024-09-21,Derek Richards,Ohio,Connietown
47ac8023,2024-05-22,Heidi Rios,Rhode Island,Caitlynland
9ba61898,2024-05-24,Carl Jones,Arkansas,Jamesberg
38fc0932,2024-11-04,Robert Martinez,Georgia,Nicholsbury
ad2ad2a4,2024-12-25,Mrs. Morgan Bennett,New Hampshire,North Amber
3c8abaa1,2025-01-25,Denise Graves,Massachusetts,South Rachel
5f0bdab4,2024-06-16,Joshua Martin,California,Cobbborough
a9ea7e0e,2024-03-14,David Sanchez,Delaware,North Edward
e33d71fa,2024-04-05,Carol Garcia,Oklahoma,Port Ericashire
4b6cc93b,2024-06-15,Damon Gilbert,Maine,Kathleenton
7379cb23,2024-10-02,Ashley Watson,South Dakota,Bradleyburgh
721f5b26,2024-09-15,Patrick Alvarado,South Dakota,Samuelchester
e5105d36,2024-05-03,Rebecca Hardy,Texas,Lake Annette
b1e904f3,2024-12-23,Catherine Vargas,Maine,Port Robertstad
3005b2cf,2024-09-18,Kyle Lin,Wyoming,East Jamie
70d5fdd3,2025-02-06,Jesse Arias,Tennessee,West Brian
8d3b9ed6,2024-07-25,Brenda Moore,Montana,Blevinsberg
cebe830a,2024-04-12,Brandon Owens,Virginia,West Richard
cb9cff77,2024-06-13,Linda Robinson,Florida,North Kayla
64dfa5fa,2025-02-17,Christopher Jones,Utah,North Teresa
78f05f95,2024-09-28,Devin Khan,Arkansas,Sydneybury
27a67a1a,2025-03-06,Kevin Daniels,New York,Port Shannon
7bcf7d01,2025-01-07,Joanna Hall,Arkansas,North Barry
7ea0ce86,2024-07-31,Jennifer Foster,Montana,Lake Michelleside
1ce3837c,2024-05-26,Miss Kara Brown,Texas,Jonesstad
2b5867f0,2024-07-16,James Haynes,Nevada,Port Frankport
1174c2e7,2024-12-04,Andrew Jones,Delaware,Garciashire
381ff16f,2024-03-28,Christopher Warren,Mississippi,West Robert
b75e0c5d,2025-02-26,Eric Fernandez,Wyoming,Meyerport
028525c0,2024-05-05,Toni Myers,Washington,South Carolyn
b3639400,2025-01-22,Gabrielle Kelly,Wisconsin,East Teresa
a744649e,2024-05-15,Shannon Shaffer,Idaho,Hammondport
ab566024,2025-01-30,Tanya Taylor MD,Missouri,North Johnfort
a8db0f99,2024-09-09,Rachael Davis,Maryland,North Nicholasberg
2111abcb,2024-03-12,Craig Norman,North Dakota,North Jesse
b344a6bf,2024-09-03,Pamela Brown,Alabama,Matthewview
c5b8510c,2025-01-14,Victor Cantrell,Arizona,New Calvinport
e59f8390,2024-09-21,Scott Williams,Pennsylvania,North Leah
14072cc7,2025-01-25,Robert Horne,Kansas,East Chad
91ecd91d,2024-03-30,Joshua Chase,Arkansas,Port Jared
0b4009f1,2024-04-19,Shannon Riggs,Idaho,Greenside
a469c2e2,2024-03-21,John Mathews,Kentucky,Lopezshire
b21783fa,2024-11-04,Chelsea Ortega,California,Suarezport
5ac74f70,2024-11-11,Michael Smith II,Maine,North Donaldchester
d203e762,2024-04-28,Samantha Boyd,California,Bernardborough
999347f9,2024-07-25,Michael Jones,Virginia,South Bryan
b895a44c,2024-04-13,Alicia Chapman,Wyoming,Gilltown
ba374f74,2024-10-19,Thomas Lin,South Dakota,West Meganville
3e2c596b,2024-04-08,Martha Miller,Kentucky,New Julie
b6d2af68,2024-12-26,Corey Wright,Ohio,East Robert
d0c48921,2024-10-04,Laurie Garcia,New Jersey,Taylorview
30c70736,2024-10-08,Elizabeth Rodriguez,Minnesota,Anahaven
4a782408,2024-05-05,Jaclyn Ramirez,Rhode Island,Nathanland
389ca2e4,2024-06-26,Zachary Thomas,Connecticut,Richardhaven
bad728de,2024-11-16,Juan Church MD,Ohio,Markberg
74a982b8,2024-08-11,Jeremy Martin,Louisiana,North Johnburgh
62950a87,2024-12-08,Nicole Armstrong,Tennessee,West Jeffreyton
e1fb89a8,2024-04-07,Eric Hebert,Ohio,Port Alecside
238b74ad,2024-10-07,Charlotte Reid,Alabama,Emilyfurt
fa645e00,2024-06-24,David Roberts,Pennsylvania,Williamland
2e0d4fe8,2024-06-19,Steven West,Kansas,New Brenda
82912000,2024-07-07,Tyler Mcdonald,Kentucky,New Ashley
6a9f92cc,2025-01-06,Jennifer Miller,Wisconsin,Lake Vickie
e71d0624,2024-11-09,Jason Coffey,New Hampshire,Marktown
598acb4e,2024-06-05,Travis Whitaker,Rhode Island,South Megan
7ee99750,2024-08-20,Scott Johnson,Wyoming,Matthewside
8fa591de,2024-04-30,Chad Gomez,Idaho,West Aliciaborough
d872e1b4,2024-08-30,Christopher Delacruz,Minnesota,West Jacob
c2ed39b6,2024-07-18,Brandy Johnson,Washington,Smithside
21d2a09c,2024-08-22,Lauren Warren,West Virginia,Jamesfort
a849e3b3,2024-11-11,Janice Daniel,North Dakota,Hernandezville
3c8d088a,2024-09-20,Donald Sanders,Connecticut,Buckmouth
1a83138d,2025-02-01,Christina Rivera,Mississippi,New Jasonfort
593f3afd,2025-03-09,Thomas Fisher,Connecticut,Lake Michael
9c92dca9,2024-04-06,Martha Medina,Nebraska,North Lucas
adff4c5f,2024-07-13,Nichole Smith,North Carolina,Port Michaelfurt
49920845,2025-03-03,Rhonda Parker,South Carolina,Moorefurt
f314727b,2024-09-30,Richard Wright,Iowa,Wheelermouth
9bf305f6,2025-02-08,Paul Miranda,Wisconsin,South Karen
aabc02e1,2024-05-19,Stephanie Garcia,Kentucky,Dianafurt
686b16ad,2024-05-02,Christy Hall,New Jersey,East Gary
fd779af4,2025-02-23,Angela Turner,Washington,Chrisshire
a4fb8923,2024-08-31,Keith Ellis,Mississippi,Lake Haleyberg
fbac375b,2024-11-12,Ross Cook,Utah,Woodborough
1bbb72f8,2024-05-29,Christopher Martinez,Maine,Bakerfurt
d22e41ad,2024-04-27,Joshua Jackson,Massachusetts,Lake Christine
038f49e6,2025-01-22,Thomas Baird,Georgia,Lake Carlosshire
2fa6f549,2024-08-18,Nathan Bishop,Oklahoma,South Ronald
f3f816cb,2024-08-07,Peter Miller,Tennessee,Lake Sandra
416546db,2024-10-10,Ashley Nunez,Hawaii,Lake Thomasmouth
b184d838,2025-01-06,Carrie Taylor,North Dakota,Port Christopherberg
84f52e0a,2024-06-18,Jennifer Bell,Maryland,Lake Jefferystad
2c711437,2024-03-29,Christina Acevedo,Vermont,Josephfurt
0d8f8d81,2024-06-22,Amanda Pollard,Virginia,Anthonyport
c42d66a8,2025-02-20,Rodney Williams,Texas,East Alexanderview
aa9a7161,2024-11-03,Anita Lee,Utah,Erikaview
57b649c2,2024-12-11,Tracey Boyle,Nevada,Port Karenmouth
6842de11,2024-06-06,Robert Jones,Oregon,Lake Ryanside
d41238f7,2024-11-30,Steven Jones,Vermont,Robinsonhaven
015b4de5,2024-05-16,Lucas Wells,Oklahoma,Daviston
697a3ea8,2024-11-14,Shannon Williams,Arizona,Brandonfort
de896b18,2024-04-13,Andrew Espinoza,Alabama,New Paul
f54b7f18,2024-10-01,Michele Jimenez,Nevada,Lake Cindy
01c549a6,2024-09-28,Patricia Mendoza,Mississippi,Garciamouth
4d7d0036,2024-03-27,Emily Lara,North Dakota,North Jason
ce5632f5,2024-08-31,Laura Lee,Hawaii,Michaelborough
855a8a56,2025-01-08,Dr. Scott Armstrong,New Mexico,East Jameston
28f8b905,2024-04-30,Amanda Smith,Indiana,Lake Carol
1fed09f4,2024-07-01,Bianca Williams,Alabama,Port Kennethfurt
6f42200d,2024-11-22,Sandra Jones,Maryland,North Charlesstad
26624f9e,2024-04-29,Laura Mack,Nebraska,Waltersville
646d7513,2024-09-02,Alyssa Jefferson,New Hampshire,Lake Reginald
5d09c87f,2025-01-16,Kyle Curtis,Rhode Island,Camachotown
cd784eed,2024-12-11,Madison Wilson,New Mexico,Lisamouth
bff7258e,2024-06-18,Alexander Erickson,California,North Lynn
a4c7a056,2025-02-24,Michael Wilkerson,Delaware,East Briana
17f5d957,2024-11-06,Sharon Haynes,Mississippi,North Jason
367cff14,2024-04-08,Jill Ellis,Arkansas,North Denise
55b287a7,2025-01-17,Laurie Montoya,Washington,Port Tinamouth
fdcb159b,2024-07-31,Kimberly Hernandez,Vermont,New Michaelberg
e6310414,2025-01-19,Jenna Bradley,Arizona,Lake Erin
019a9383,2024-08-04,Jeffery Cole,Missouri,West Christopherborough
6365fa70,2024-05-21,Douglas Howard,Maryland,Lake Danielleview
5c75c898,2024-10-13,Justin Martin,South Dakota,New Charles
7383e91f,2024-03-19,Jean Howard,Minnesota,Charlesview
1af5a071,2024-06-01,Laura Buckley,Louisiana,New Joshuaview
5d46d984,2024-11-01,Sara Ochoa,Maine,South Timothyville
de203f6b,2024-05-10,Michael Mcgee,Virginia,Kylemouth
407013fb,2024-09-08,Michael Davis,North Carolina,Frankfort
d3edb32f,2024-06-24,Cynthia Gutierrez,Colorado,West Luisside
54b30c7e,2024-10-16,Timothy Lawson,Nevada,Lake Elaine
499bb0ae,2024-11-06,Brianna Anderson,Iowa,Ramosberg
1d59164c,2024-09-07,Jason Tucker,North Carolina,Lake Scott
361beb0b,2024-10-04,Andrea Schneider,Rhode Island,North Michael
509d5b80,2024-11-16,Brandon Fleming,Maryland,Christopherchester
6399cd65,2025-01-26,Christopher Moreno,Nebraska,Lake Brandonside
a4292db6,2024-05-21,Jeffrey Meyer,Hawaii,Schwartzberg
f8107661,2025-01-08,Julia Fletcher,Maine,North Mackenzie
6f9c7a56,2024-06-15,Sean Jones,Iowa,Crawfordview
51ca533d,2024-04-09,Cynthia Hamilton,Ohio,East Ashleyhaven
0bcba8f0,2024-07-09,Daniel Hoover,California,Jamesburgh
1abe5025,2024-07-09,William Fuentes,Alabama,West Matthew
d80f1cd6,2025-01-17,Alyssa Vazquez,Nevada,South Robert
5554b88f,2024-09-06,Charles Webb,Wisconsin,Davisborough
f7c3c344,2024-12-29,Douglas Mills,Delaware,South Mary
f3397c92,2024-10-18,Dr. Sarah Alvarez,Texas,New Jamesshire
903e3946,2024-12-08,Sierra Carrillo,South Dakota,Sharonberg
97cd4a78,2024-06-17,Daniel Ortiz,Idaho,Wangfort
04a2da4b,2024-04-10,Jasmine Mcmahon,South Carolina,Port Donna
2d9cae45,2025-02-27,Michael Lewis,Oregon,Lake Joseph
da804162,2024-05-21,Abigail Zamora,Iowa,Cynthiaside
81fdf523,2024-12-26,Jackie Nolan,Delaware,Brandyfurt
f4c0316e,2024-12-09,Carla Castro,Washington,Markland
6db5d821,2025-02-11,Miss Jennifer Schmidt,Tennessee,New Christopher
9ef10254,2025-01-03,Kristin Ramirez,Louisiana,New Nicoletown
94d18f73,2024-10-10,Linda Thompson,Indiana,Gregoryfort
d3f25074,2024-07-10,Sara Villarreal,Ohio,North Ashleehaven
66be7948,2024-11-10,Karen Lewis,Kentucky,East Brandon
29b6f098,2024-05-25,Christina Henry,Iowa,Rojasville
0ed9c6c3,2024-07-15,Victor Bell,Missouri,Lauraberg
2d12eddb,2024-08-25,David Rogers,Kentucky,Tylerport
d6c9623d,2024-04-04,Juan Vang,Montana,Osborneton
6329ce86,2024-07-16,Mr. Jeffrey Smith,Louisiana,Port Tonya
8daa09b1,2024-04-29,Alyssa Haas,Florida,Woodmouth
ecb98365,2024-12-31,Debra Kennedy,Iowa,East Jaystad
821dbcbd,2024-07-13,Scott Martinez,California,Raymondchester
254b29f1,2024-08-02,Nicholas Combs,Iowa,Ravenfort
697694c1,2024-10-03,Jason Huffman,Hawaii,Rossmouth
14d0c7b2,2024-09-24,Eugene Harper,North Carolina,Vegaborough
0a7b1219,2024-12-11,Lori Park,Massachusetts,East Patricia
28d46ab1,2024-11-07,Brian Reid,Louisiana,North Angelatown
b829978c,2024-11-07,Connie Chapman,Minnesota,North Chad
f42167d1,2024-12-21,Katherine Bell,Kansas,South Frederickstad
5fbdc4fc,2025-03-03,Tiffany Knapp,Louisiana,East Kellyberg
a86b4eec,2024-08-13,Patricia Foster,New Hampshire,Nelsonhaven
307ba197,2024-06-12,John Hopkins,Arkansas,Moranfurt
7a93317e,2025-01-14,Joseph Thompson,Virginia,Coryfort
3b401289,2024-08-03,Tiffany Myers,California,New Danielport
8c1bb9d2,2024-05-25,Lisa Smith,Hawaii,East Nicolasport
1f9c737e,2024-08-25,Roberta Obrien,Arkansas,Wareton
fc81cba3,2024-12-06,Frances Bennett,Mississippi,Cherylland
fe8434bb,2024-12-23,Daniel Rodgers,California,Pattersontown
6a814a5a,2024-11-28,Tony Smith,Texas,Johnshire
e7e3c075,2025-03-06,Cody Moore,Kansas,Port Robert
9c1a100c,2024-11-03,Ryan Perry,Florida,Bernardview
5d618b96,2024-06-12,Ruth Johnson,Tennessee,Hawkinsside
4fba8ce0,2024-06-16,Steven Smith,North Carolina,West Michaelside
a37ee3cc,2024-03-24,Rachel Nelson,New Jersey,Carlhaven
75e5f93c,2024-05-17,Charles Bullock,Texas,Lake Wendybury
6e88636e,2024-03-31,Rachel Jimenez,Nevada,Port Joel
ebadf5a1,2024-03-17,Ruben Ramirez,North Carolina,Greerbury
c9b81337,2024-07-05,Tina Jones,California,East Daniel
598006dd,2024-05-26,Felicia Horton,Connecticut,Lake John
3e868cbf,2024-12-29,Robert Harper,Nebraska,West Gary
db2a2cba,2025-02-21,Courtney Patterson,Iowa,North Christopher
418ddec5,2024-08-24,Victor Cruz,Maryland,Jamesside
def56c18,2024-09-16,Jessica Perez,Nevada,Markchester
b080f5b2,2024-09-22,Christopher Blackwell,Arkansas,Jameston
201b7dfa,2025-02-05,Corey Johnson,Washington,Hayleyside
50d9c4f0,2024-05-20,Matthew Brown,Oklahoma,New Hannahmouth
c72339cb,2024-05-12,Elizabeth Morris,New Jersey,Howellbury
d9e9dead,2025-02-21,Michael Dawson,Delaware,North Rogerchester
f8d26366,2024-12-25,Kristina Henry,New Mexico,Rodriguezport
0ded9f3d,2024-08-28,Cristina Fuentes,Louisiana,Lake Lisaburgh
98ab8485,2024-10-21,Cynthia Navarro,Mississippi,Mooreview
6abff399,2024-05-13,Jennifer Johnson,New Mexico,North Kristinaberg
bbc758ed,2024-08-25,Amanda Cox,Florida,East Stevenbury
6663d510,2025-02-18,Kimberly Kelley,Montana,Lake Andrew
306d373b,2025-02-20,Corey King,Minnesota,New Barbara
8311a4f8,2025-02-27,John Reyes,Minnesota,East Nicole
690c9229,2024-10-25,Lisa Thomas,Colorado,North Barbara
2ae4e7f6,2024-08-20,Kathryn Hall,Maryland,Port Thomas
e3d9204d,2024-08-16,Virginia Nguyen,Florida,New Victor
3a0863c0,2024-07-09,Linda Martin,Maryland,Lake Tara
d763f706,2024-08-11,Christina Harper,Georgia,Christopherside
6076f905,2024-09-21,Bradley Cole,Illinois,Stephanieland
09eab568,2024-05-30,Robert Camacho DVM,Arizona,South Jessica
92015f15,2025-02-16,Ronald Ibarra,Maine,Priceview
c7c6302f,2024-11-05,Nancy Smith,Texas,West Brenda
fa12e99f,2025-02-15,Mark Collier MD,Nebraska,Travisbury
84dd04e8,2024-12-16,Clayton Hopkins,Mississippi,Cunninghamland
cde72a85,2024-11-09,Michelle Snyder,Colorado,Ramosberg
5d8e5ce6,2024-07-11,Kimberly Nichols,Iowa,New Travisport
32020281,2024-05-09,Jason Medina,Mississippi,Clarkshire
a3713c27,2025-02-08,Kevin Johns,Illinois,South Nicolefurt
69af6962,2024-12-06,Ralph Roberts,Arizona,Alecbury
5acbe962,2024-10-17,Melissa Todd,Wyoming,Wilcoxburgh
b8ee9f57,2024-09-04,Stephanie Adkins DDS,Virginia,Heathside
8f345ee3,2024-10-24,James Hayes,Arkansas,Lake Lisa
9d78090f,2024-12-05,Lisa Sutton,Tennessee,Lambmouth
8cd3b441,2024-07-23,Jose Banks,Arizona,West Douglasburgh
80afd9f8,2024-05-26,Luis Waters,Rhode Island,Bowmanfurt
924b3639,2025-01-01,Yolanda Garcia,Wyoming,Normanbury
649b0168,2024-05-29,Margaret Anderson,Alaska,Shawnport
3249429c,2024-12-20,Helen Morales,West Virginia,Johnside
e2222bdc,2024-03-21,Sara Turner,Alabama,Michaelborough
4209d2bb,2024-11-10,Mark Torres,New Jersey,New Daniel
d3ce112a,2024-09-18,Jody Wright,North Carolina,West Mark
624d6b1c,2024-11-03,Bailey Hall,Florida,Port Benjamin
719187fe,2024-08-09,Brandi Peters,Wisconsin,Stacychester
9a03c98f,2025-03-09,Brandon Donovan,Colorado,Thomasshire
fa383d7f,2024-12-09,Dana Barker MD,Massachusetts,New Matthewfurt
942af40c,2024-10-30,Bryan Duran,South Carolina,North Codymouth
bbbbaed3,2024-08-03,Daniel Mccann,Ohio,Lauraborough
a977b53e,2024-09-24,Tiffany Bell,Virginia,South Tinashire
75eaf462,2024-12-18,Brandon Chen,Oregon,East Garyport
fa38b433,2024-08-28,Erica Alexander,Tennessee,Tracybury
1a56e0ea,2024-04-22,Madison Brown,Hawaii,Porterstad
96e83091,2024-12-27,Michael Ramsey,Tennessee,Mclaughlintown
db17e27d,2024-10-07,Brian Vasquez,Connecticut,Ryanstad
7ade6c01,2025-02-21,Joseph Yates,North Dakota,West Katherineborough
146a0114,2024-07-09,April Ingram,Indiana,Jameston
fac80fe1,2024-09-29,Lisa Stephens,Washington,Sandraview
9c397d4a,2024-03-23,Gabriel Riley,Utah,New Garyberg
de073c95,2024-05-08,Susan Hicks,Alabama,South Denise
81d494aa,2024-07-20,Tanya Booth,New York,Cantushire
5f6df37d,2024-07-10,Erica Norman,Alaska,Aprilville
9dbde325,2024-05-11,Johnathan Galvan,Michigan,Nicoleberg
f0fbdf35,2024-04-05,David Manning,Vermont,Kimberlyland
33286fe6,2024-05-12,Sean Smith,Nevada,New Michele
713beabf,2024-05-13,Matthew Cunningham,Utah,Tanyaside
2664317b,2024-06-27,Brandon Valencia,Wisconsin,Davidmouth
a034d2c7,2024-09-21,Dale Whitehead,Alabama,Bakerside
a0bbfab5,2024-10-18,Alec Hart,Alaska,North Tanner
4f3e6cd0,2024-10-03,Phillip Palmer,Hawaii,Port William
e16e346d,2024-05-24,Alan Green MD,Oklahoma,Jacobshire
7bb80006,2025-01-29,Phillip Curtis,South Dakota,North Maryland
a038f1fc,2025-02-07,Amanda Jennings,South Carolina,Lake Scotthaven
851814ac,2024-08-12,Terry Harrison,Oregon,West Matthew
eeaec8a5,2024-12-07,Todd Combs,Alaska,Gregorytown
c514128d,2025-01-14,Joan Daniels,New York,Loweside
5914f9ce,2024-08-07,Troy Rosario,New Hampshire,Powerston
9f6e6c41,2024-08-30,Ryan Ramirez,Connecticut,Smithmouth
d9ce2902,2024-11-15,Gabriel Turner,Oregon,Lewishaven
ab19f7ab,2024-12-09,Paul Sosa,Vermont,Amandatown
8359a4f4,2024-06-22,Andrew Bennett,Oregon,Jessicahaven
2e4d3f97,2024-06-05,James Hanson,Wyoming,Aguilarside
e4a4e93f,2024-10-09,Christopher Hale,Kansas,Lake Jennifer
6982a857,2024-11-16,Robert Silva,Arizona,Port William
b4df1bc5,2024-12-24,Catherine Willis,Massachusetts,New Joanland
7be0b2dd,2024-04-04,Jane Thompson,California,Lopezmouth
3415fe94,2024-06-12,Gary Baldwin,Washington,Bradleytown
0cc6c537,2024-07-27,Jesus Jackson,Alabama,Kimberlyfort
2041946b,2024-10-15,Tiffany Huff,Iowa,Foxhaven
a7b02981,2024-06-06,Shannon Riddle,Washington,Lopezview
c7f59fd5,2025-02-19,Stephen Edwards,Michigan,Batesville
64c18949,2025-02-04,Nicole Anderson,Maryland,Sandersburgh
06d38505,2025-02-08,Kevin Smith Jr.,New Jersey,South Cynthia
8493430e,2025-01-29,Kenneth Henderson,Washington,Matthewfort
b0f629f7,2024-04-28,Brenda Rogers,Iowa,Taylormouth
47f163ec,2024-08-18,Michael Reyes,Missouri,Port Melanieland
f7d537ca,2024-06-08,Kenneth Lee,South Dakota,Tylerborough
47e0e13b,2024-04-20,Beth Chavez,Texas,New Andrea
fed4ac00,2024-11-08,Ashley Powell,Louisiana,Foleystad
ddcf1ee2,2024-09-23,Joel Sawyer,Arkansas,North Mark
1ffe18d3,2025-02-14,Barbara Robles,Maine,Nguyenview
61a96926,2024-08-03,Jonathan Riddle,Indiana,Lake Nicholas
91f230f3,2024-11-12,Tina Baker,Montana,Youngshire
6199f575,2024-05-08,John Dunn,Idaho,West Troyfurt
a8d58bec,2024-09-29,Jacqueline Oneal,Rhode Island,Jonesport
bee88c90,2025-03-09,Timothy Cook,California,New Maryville
35a204ef,2024-03-16,William Peterson,Alaska,Port Courtneyborough
cc2dd5f5,2025-03-10,Christopher Potter,Idaho,Elizabethborough
3d8c5fd0,2024-05-24,Amanda Sanchez,Kentucky,Jonesstad
2bed307b,2025-01-18,David Johnson,Montana,Lisaberg
86bb685f,2025-02-07,Valerie Banks,New York,Stacyton
e0182069,2024-05-10,Daniel Martin,Idaho,South Patriciaport
3d7e7bbc,2025-01-22,Vanessa Lane MD,Nebraska,West Crystalport
7702a6fb,2024-12-03,Robert Johnson,Louisiana,East Pamela
0ef42bd2,2025-02-04,James Bates,California,Lukeland
f87f3dae,2024-11-28,David Peck,Minnesota,West Jameschester
91a2eebb,2024-10-06,Jeremiah Dillon,Pennsylvania,Campbellmouth
c4fb978d,2024-10-07,Amy Lewis,Colorado,Andersonstad
fb3eed6e,2024-04-05,Chad Williams,Massachusetts,Dawsontown
8d757515,2024-05-04,Tina Barnes,Arkansas,Coreybury
32b66f12,2025-02-12,Rebekah Ellis,North Carolina,Conniemouth
4604fdb2,2025-01-02,Alyssa Cook,Ohio,Hoodbury
1116320b,2025-03-06,Brittany White,Hawaii,West Theresa
58a22522,2024-06-23,Raymond Mendoza,North Carolina,West Edward
671691dc,2024-08-10,Jay Russell,Iowa,Bryanthaven
04bdbcdf,2024-07-01,Charles Mcdaniel,Virginia,North Mary
28168f55,2024-04-23,Angela Johnson,Tennessee,Lake Tamara
9184d50a,2024-09-30,Scott Haas,Maine,Marychester
d75ebcd6,2024-12-18,Amber Marshall,North Dakota,New Kara
4c3025a8,2025-01-20,Mr. Ronald Ward MD,Pennsylvania,North April
e8baf199,2025-02-01,Mr. Raymond Williams,Rhode Island,Davidfort
ec021236,2025-01-21,Thomas Oneill,Arkansas,Reedmouth
ec7e4f0c,2024-11-25,Crystal Valenzuela,New Hampshire,South Jared
ddb64830,2024-08-10,David Hanson,Michigan,Davismouth
da41cd5f,2024-06-11,Evan Carr,Oregon,Lake Michelle
e118ca5a,2024-10-17,Alejandro Hernandez,Wisconsin,South Shirleyfort
fbff4010,2024-04-04,Elizabeth Lawson,Indiana,North John
5b734735,2024-06-07,Jennifer Turner,Michigan,New Dana
e4662c8c,2024-04-23,Wendy Morton,Tennessee,Lake Timothytown
eaa2d3e7,2024-03-21,Charles Vargas,Louisiana,Port Christine
2a5483ca,2025-01-14,Michael Williams,Louisiana,Port Joanville
bb7d39e0,2024-09-16,Andrea Kline,Georgia,West Makaylaberg
0690b79a,2024-11-13,Juan Nguyen MD,Oregon,Ryanside
7f7382db,2024-05-09,Dustin Gray,Idaho,Obrienton
d1d913b0,2024-10-06,Caitlin Foley,Rhode Island,Port Patriciamouth
cb65a16c,2024-11-23,Logan King,Iowa,Gibbsport
e2de032c,2024-06-21,Nicole Brown,Vermont,West Mariaview
9027e76d,2024-10-19,Elizabeth Oconnor,South Dakota,South Christopherstad
8bad750e,2024-04-07,Veronica Powers,Arkansas,South Dannychester
1cfa891b,2024-06-05,Eric Johns,Mississippi,South Danielleberg
52dfed8c,2024-06-14,Joseph Howard,New York,Michaelberg
ba3c124b,2024-04-29,Tammy Jones,Iowa,South Theodore
075da2f3,2024-12-25,Eric Kelley,Florida,Lake Alexisfort
3a7d1498,2025-02-12,David Butler,Indiana,Robertland
b2bdc606,2025-01-14,Christopher Garza,West Virginia,Michaelburgh
78a5bf91,2024-08-30,Dwayne Cruz,Texas,Robertport
51bb19d6,2024-03-18,Kelly Myers,Louisiana,Hallview
0862f05f,2024-04-13,Daniel Mcguire,North Dakota,Kennethchester
aa55a6bb,2024-09-25,Donald Booth,Oregon,Erinfort
9e27c0ff,2024-09-01,Michael Elliott,Mississippi,South Chelseaburgh
5f5ae612,2025-01-14,Megan Rios,California,Johnhaven
4e88f017,2024-12-27,Dennis Walker PhD,Montana,Carlafort
c38d3e15,2024-04-24,Patricia Ortiz,Alabama,North David
b11a63a9,2025-03-02,Sandra Blackwell,Michigan,North Belinda
9d1de945,2024-12-24,Dr. Amber Ball,California,New Tylermouth
02109e32,2024-05-07,Courtney Vincent,Virginia,Johnsonside
d25bddb9,2024-11-19,Joe Gilbert,Oregon,East Williamland
06fd8fef,2024-03-24,Miss Tiffany Johnson MD,Ohio,Ashleymouth
df487e18,2024-07-15,James Foster,Maine,East Sarah
7d9992bd,2024-07-24,Michael Davis,Vermont,Cherylchester
10b9f71e,2024-04-21,Benjamin Mueller,Arkansas,West Linda
9e8ae011,2024-10-26,Carl Cobb,Colorado,South Laura
2c27ccd3,2024-07-16,Casey Myers,California,Justinfurt
253f0b3c,2024-08-18,Robert Reese,Washington,Abigailside
0d2b1a3a,2024-06-16,Michael Chase,Michigan,Browntown
5d441dab,2024-12-08,Lisa Norris,Oklahoma,Barrymouth
54a4901a,2024-04-07,Alan Ramsey,Washington,Margaretview
bc935c36,2024-09-20,Amanda Rice,Michigan,New Craigton
1efc5a04,2024-05-01,Lisa Aguilar,North Carolina,Bradleyfurt
1d13e612,2024-10-05,Christine Wade,Ohio,West Katherinetown
87db1892,2024-03-30,Jennifer Kelly,Maine,Tracyshire
e335817e,2024-06-13,Sandra Fisher,Ohio,North Kevinfort
37845268,2024-07-13,Erin Wood,North Dakota,Port James
c53028ab,2024-08-05,Rick Brady,Mississippi,Garrettport
c0e09f9b,2024-08-01,Luis Rodgers,Utah,East Loganborough
3951412f,2024-04-30,Lisa Johnson,Missouri,Collinsport
b27a1ec2,2024-12-15,Franklin Cortez,Iowa,Hendersonstad
dd4002ef,2024-12-13,Jodi Wells,Utah,Port Andrewchester
76d8e4ab,2024-10-06,Keith Gillespie,Nevada,Kathleenville
e836100f,2024-06-05,Catherine Watson,Iowa,New Donald
8c166333,2024-05-21,James Marshall DDS,Virginia,Sandrastad
9f95446e,2024-06-04,Ralph Edwards,Nevada,Jonathantown
3e673726,2024-11-05,Taylor Davis,South Carolina,Schroederchester
aa72eea0,2024-12-20,Brandon Fleming,Idaho,Port Markfort
d44515e5,2024-03-14,Charles Brooks DDS,New York,East Chelseaville
859b2090,2025-03-07,Megan Brown,Wyoming,Osborneberg
4d8394d4,2024-10-02,Erik Walsh,West Virginia,Doughertyborough
f4acde61,2024-09-07,Stephen Gonzalez,Wisconsin,West John
cfc9ebfe,2024-07-30,William Golden,Oregon,East Morganland
8cc1d98c,2025-01-06,Jeremy Lambert,Mississippi,Seanland
5ef093e9,2024-04-05,Adam Romero,South Carolina,New Arianaburgh
2f780ed7,2024-03-13,David Andrews,New Jersey,Kathrynborough
6351a1f0,2024-09-23,Nancy Allen,New Hampshire,South Karenfurt
7b956194,2024-05-28,Keith Carlson,Vermont,Port Scottside
e5445284,2024-12-21,Anne Smith,Arkansas,Lisaton
f17b7af8,2024-03-14,Jessica Jackson,Oklahoma,Myerston
1c1c0c25,2024-12-25,Samantha Barrett,Rhode Island,Simmonsport
78e5d3a8,2024-11-26,Samantha Miller,Wisconsin,New Mary
2cd0060a,2024-05-26,John Kirby,West Virginia,East Codyland
cf9f1dbf,2024-12-27,Doris Cochran,Massachusetts,Michaelshire
889a8860,2024-06-19,Eric Matthews,Minnesota,Timothyside
6d17b212,2025-03-11,Jessica Hall,South Carolina,Pottsbury
2c0b3a19,2024-04-16,Jason Martin,Delaware,Lisaville
ac4fe321,2024-07-09,Kayla Arias,Minnesota,North Jacobshire
e707d98b,2025-01-11,Nathan Clark,Massachusetts,South Beverlymouth
5c69a150,2024-06-13,Gary Bridges,Georgia,Port Tristan
491fb4e1,2024-12-17,Patricia Mcfarland,New Hampshire,Richardsonbury
0f43defa,2024-03-22,Jason Harrington,Pennsylvania,West Sarashire
33d4d4ec,2024-04-25,Barbara Everett,North Dakota,New Heatherborough
9b1e13bf,2024-11-12,Chad Williams,Colorado,East Benjamin
053a952f,2024-08-19,Katie Owen,Kentucky,Ramirezhaven
6b962d5e,2024-11-24,Katie Torres,Oklahoma,Port Matthew
a51a412f,2024-04-23,Brianna Fry,Tennessee,West Josephtown
7a491973,2024-05-12,James Duke,New Jersey,Smithtown
b8a3af3a,2024-06-12,Katherine Williams,Vermont,East Meganhaven
d7d47051,2025-02-08,Thomas Dillon,New Jersey,Port Richard
6b72921f,2024-09-30,Angela Boone,Michigan,South Charlesshire
a2c3c80c,2024-06-17,Mrs. Elizabeth Robbins,Kentucky,Anthonyport
b7906cf9,2024-04-30,Sharon Crane,Minnesota,New Douglas
2a0ac5d2,2024-12-07,Rebecca Jackson,Pennsylvania,Lowerybury
e6ba05a7,2024-06-03,Kathleen Smith,Nebraska,New Andrew
8e58a515,2025-03-05,Shelly King,Oregon,East Jill
3927d533,2024-09-29,David Miller,New Mexico,Port Amy
b882c3a4,2025-01-03,Andrea Whitaker,Texas,Dannyborough
d2edcc6c,2024-08-28,Carlos Smith,New Hampshire,East Angelaside
df6bcea3,2024-11-06,Natasha Perez,South Dakota,South Ryan
7cfb2099,2025-03-10,Lauren Rangel,Michigan,Nealberg
0fc47c41,2024-04-21,Robert Dudley,California,Oconnorstad
f9a19971,2024-10-25,Marcus Zamora,Oklahoma,New Jimmyberg
cff6c47d,2024-09-21,Vincent Beasley,Oregon,Port Tammyport
d2527a51,2024-10-28,Thomas Murray,Washington,Jordantown
036582a7,2024-04-20,Heidi Williams,Kentucky,Tannerhaven
8ceb58ac,2024-11-07,Crystal Jackson,Oregon,Bettystad
5fd5df77,2024-04-03,Megan Schmidt,Oklahoma,Brandonmouth
09ca2926,2025-01-17,Daniel Ray,Utah,New Michael
7183a6f2,2025-02-05,Shannon Burke,North Carolina,Snyderside
2fde31ce,2025-02-04,Cristian Walters,Alabama,North Carla
4081479e,2024-10-25,John Roach,Wyoming,Morrisburgh
0f775ae3,2024-06-29,Ashley Holmes,Delaware,West Emilyburgh
25771668,2024-08-22,Susan Moore,New Hampshire,Josephhaven
076bc8c8,2024-07-20,Michael Miller,Arkansas,Port Johnville
68dca7f4,2024-04-30,Kathleen Adams,South Dakota,West Amyland
a3739b7b,2024-12-19,Michelle Rodriguez,California,Lake Glen
799b130d,2024-03-25,Mark James,Alabama,Grantfort
1e4ab130,2024-06-26,Dylan Ortiz,New Hampshire,South Jacobville
24cb2035,2024-05-01,John Rodgers,Louisiana,West Matthewberg
00a21d01,2024-11-04,Kenneth Shepherd,Vermont,Port Charles
ecf41a6c,2024-09-10,Christina Rodriguez,Kentucky,Port Jessicabury
753c5b35,2024-07-10,Sarah Lucas,Arizona,Larrymouth
af189252,2024-04-06,Andrea Graham,Washington,Holtbury
0c222aff,2024-12-14,Stephen Stark,Iowa,Port Angela
9b989846,2024-08-01,Elizabeth Edwards,West Virginia,Richardview
0d8094ab,2024-09-07,Joseph Burgess,West Virginia,Kimport
ab63a8a5,2024-04-25,James Benton,Vermont,Lynchton
4628619c,2024-06-02,Christopher Stanley,Illinois,East Cole
3aff5dc3,2024-10-16,Jessica King,South Carolina,Ashleystad
83895b0e,2024-10-07,David Reyes,Hawaii,South Kristaview
2e215041,2025-01-30,Mr. Matthew Bauer,New Mexico,Lake Carol
032698cd,2024-07-03,Jerry Deleon,Virginia,Michaelfurt
364be74b,2024-05-10,Jay Martin,Hawaii,Amandahaven
77f27c9a,2024-07-11,Carlos Sanders,Illinois,Gibsonmouth
9896eacd,2024-08-04,Adam Gonzalez,South Dakota,Jenniferburgh
4d82952e,2024-07-03,Eric Weber,Montana,North Michaelberg
7e70403e,2024-08-07,Dean Davis,New Mexico,South Robertaside
4e418473,2024-10-11,Mitchell Dunn,North Dakota,South Jennifer
5abc7bdd,2024-03-21,Adam Alvarez,Wisconsin,South Philip
047a5a4d,2024-09-12,Kelly Mills DDS,Utah,Berryborough
873e9286,2024-05-02,William Gray,Washington,Jonathanborough
894cbd65,2024-05-17,Matthew Chen II,Louisiana,Belindaborough
aefe3b2e,2025-03-08,Jacob Adams,Missouri,Elizabethport
f346fdc5,2024-11-21,Chad Crawford,North Carolina,North Amberborough
bf1d44b8,2024-07-26,Angela Saunders,Wyoming,Sydneyville
3205401b,2024-10-17,Chad Chen,Arkansas,Lake Thomaschester
7ecc0135,2024-12-08,Jack Flores,Colorado,Sharonberg
de49512d,2024-04-03,Melissa Allen,Michigan,Meganbury
ad5799fa,2024-11-25,Robert Butler,Idaho,Ellisview
465c856f,2024-11-16,Mr. Timothy Pineda PhD,South Dakota,Vanessashire
bfe55b9c,2024-12-30,Jennifer Beck,Rhode Island,North Amanda
71dfb8a6,2024-06-08,Benjamin Warren,Mississippi,Kristinshire
9b6d4fb1,2024-07-23,Benjamin Walker,Nebraska,South Kristopher
f33fd5f3,2025-02-04,Kimberly Clark MD,Wisconsin,East Kayla
cab18939,2025-01-26,Alicia Banks,Colorado,West Donna
f94491b7,2024-08-17,Aaron Riley,South Dakota,Moniquechester
ccf71231,2024-08-04,Brenda Coleman,Rhode Island,North Ryanside
6c2cc71d,2024-09-14,Harry Wall,Louisiana,New Ryan
5f40e823,2024-10-20,James Green,Oklahoma,West Carl
9d86a3b0,2024-11-01,Patricia Perry,Missouri,Nashside
cb01e20c,2024-05-30,John Burke,South Carolina,Evansberg
5654e5fb,2025-02-22,Nicole Williams,South Dakota,North Michael
a210978f,2024-10-27,Hannah Smith,Illinois,North Markmouth
d8746cb4,2024-03-14,Thomas Carter,Connecticut,North Jennifer
c1efb075,2024-05-04,Linda Burns,Connecticut,Johnsonchester
b0dc53e3,2024-07-13,James Hale,Oregon,Hunterbury
fb15d3fb,2024-08-30,Robert Brandt,Mississippi,Caseyville
6d62e90d,2024-08-23,Melinda Woodward,Iowa,Port Stephaniestad
8faf1c5e,2024-09-08,Shannon Cameron,Wisconsin,Port Robinbury
e92f1afb,2024-08-26,Brenda Blackwell,Mississippi,Rossmouth
3d979462,2024-08-14,Ian Huerta,New Jersey,East Jamesshire
c0489758,2024-07-25,Kevin Torres,Tennessee,Georgemouth
7fe65c46,2024-12-18,Alan Phillips,New Jersey,Robertshire
8f4303e3,2024-10-21,Benjamin Roberts,Texas,Wilsonport
b3b18de7,2024-05-09,Toni Dunn,California,Curtisburgh
5b3191f4,2024-07-09,Joseph Smith,Louisiana,Smithland
d8177ba7,2024-10-04,Sophia Rios,South Carolina,Mejiaview
4112c37f,2024-09-18,Alexandria Rodriguez,Pennsylvania,New Belindabury
c372cf7e,2025-03-01,Mrs. Theresa Christensen DDS,Montana,West Shirley
8f22970f,2024-08-19,Matthew Rodriguez,Montana,Manningland
c462adc9,2024-09-13,Dominique Gray,North Dakota,Lake Todd
a3c71da4,2024-07-27,Krystal Harris,South Carolina,Lake Raymondview
a8303ff3,2024-12-01,George Nicholson,Maine,North Sharonstad
bad0ed34,2024-05-06,Ms. Melanie Avila,Wisconsin,Millerside
18614b49,2024-12-17,Rita Pacheco,Arizona,West Johnfurt
3bfeb366,2024-12-05,Michael Payne,Delaware,Contrerasborough
a40c2ea9,2024-09-24,Jennifer Howe,New Hampshire,Rachelton
46f2f12d,2024-09-06,Courtney Rivera,Wyoming,East Davidport
2af1d87d,2024-04-06,Mr. Joseph Alexander,Iowa,Port James
a2437cbf,2025-03-12,John Benson,New Mexico,Port Keith
15e50dc9,2024-10-27,Haley Mitchell,Colorado,Bennettland
105b6c0a,2024-11-18,Tiffany Thomas,Kentucky,North Alex
2d2031a2,2024-03-27,Michael Roach,Georgia,Christopherton
43749db5,2024-12-31,Ashley Stanley,Hawaii,Michaelberg
c6392cc3,2025-01-04,Mrs. Laura Monroe,Connecticut,Port Johnville
47449039,2024-09-23,Kimberly Garza,Kansas,Hallport
a6b69775,2024-10-02,David Graves,New Jersey,Tonyaland
6556c6cc,2024-09-27,Jason Conley,Oregon,Lake Beckystad
1a4c5c2c,2025-02-23,Travis Anthony,South Dakota,Lake Ashley
4c6e3cd3,2024-08-03,Joseph Bowman,Oklahoma,Littlebury
5c0af248,2024-04-04,Kevin Smith,Louisiana,Hudsonburgh
9ab0d520,2024-07-27,Melissa Werner,New Jersey,Port Ryan
f668b84a,2024-05-03,Steve Houston,North Dakota,South Gregory
52ddbf59,2024-10-07,Karen Weiss,South Dakota,Shirleyland
69609844,2024-08-10,Brent Monroe,Indiana,South Rebecca
f2b51e40,2024-03-27,Christopher Avery,Michigan,Williamland
7f95a753,2025-01-28,David Moore,Wyoming,Lake Amandatown
b590b0c9,2024-12-06,Justin Morgan,Oklahoma,Jasonview
83610af2,2024-09-20,John Davis,Louisiana,Castrotown
c2d892c5,2024-11-16,Robert Bowen,Illinois,Russellhaven
58f9cab4,2024-07-12,Olivia Nichols,Tennessee,Jerrybury
222cdc48,2024-11-14,Lauren Roberts,Alaska,Wallbury
b2480c31,2024-06-30,John Park,Iowa,Walkerberg
71d83505,2024-12-29,Joshua Stein,Virginia,Martinfurt
737308ab,2024-11-24,Elizabeth Villa,Massachusetts,Bradleyburgh
e04f8d12,2024-08-06,Tammy Yang,Ohio,Phelpschester
a125f853,2024-05-31,Diane Johnson,Utah,West Beth
2359a6a6,2024-08-06,Kimberly Martinez,Montana,Kimberlyton
7a67971a,2025-02-11,Todd Jackson,Arizona,South Thomasview
46bcc84b,2025-02-24,John Price,Virginia,Martinview
d6884411,2024-12-04,Mikayla Contreras,Colorado,New Ashleyport
498b7915,2024-05-12,Vanessa Armstrong,Ohio,Angelafort
4347fb46,2024-06-14,Mr. Anthony Landry Jr.,Nevada,East Courtneyton
133274db,2025-01-31,Angelica Kim,Tennessee,Andersonshire
8ef630bb,2024-09-26,Emily Gibson,Montana,East Jamesmouth
afad1178,2024-07-07,Mary Perez,North Dakota,Port Dennis
2c793b3c,2025-02-06,Janet Williamson,Washington,New David
11d88ef6,2025-03-02,Angela Robinson MD,Mississippi,New Debraview
4efb04e4,2025-02-25,Nicholas Porter,Tennessee,Patrickstad
ad9b4ed6,2025-03-08,Sean Carter,Connecticut,Deanberg
bc453f5e,2024-10-17,Joseph Garner,Illinois,North Alexis
a2efa2d3,2024-12-24,Caleb Jones,Maine,West Tracychester
62f932b9,2024-07-06,Mary Reynolds,West Virginia,Smithchester
f4cf8336,2024-04-21,Kristi Cooper,Nevada,Cynthiaton
0dfbff6d,2024-07-25,Amber Carr,West Virginia,Salinasport
9b29f750,2024-05-21,Tanya Franklin,Iowa,Port Jonathon
48772b7a,2025-01-19,Daniel Ramsey,New York,Lake Pamela
0c7c4bd7,2025-02-03,Tammy Lyons,Indiana,North Cindybury
5d20a36e,2024-06-05,Jesus Hamilton,Connecticut,South Robertbury
3891875c,2024-08-01,Michelle Peterson,Colorado,Johnberg
8d353560,2024-12-29,Todd Smith,South Dakota,Whitehaven
9820d8fd,2024-04-03,Kyle Thomas,Montana,West Angela
d990065c,2024-09-16,Nicholas Gordon,New Jersey,New Gregoryborough
c894bc4a,2024-09-28,Walter Johnson,Iowa,North Ericaville
d67c8deb,2024-06-13,Angela Foley,Connecticut,New Maryhaven
18e08e3f,2024-09-05,David Bradshaw,New Hampshire,South Christopher
90680f96,2024-12-27,Michelle Martinez,Ohio,New Cheryl
211d9001,2024-03-29,Sarah Carey,Missouri,Kellyside
08a06bf5,2024-12-04,Manuel Robbins,Washington,Port Beverlyhaven
7eb97e4d,2024-04-15,Dr. Victoria Fuller,Maryland,Salazarburgh
9a405931,2024-06-30,Kimberly Mendoza,Montana,Jonathanport
7f58275f,2024-05-03,Marissa Oconnor,Utah,Brandyburgh
628c2b60,2025-01-26,Andres Williams,Arizona,Lake Robertville
34179f0d,2025-01-25,Renee Dean,Alabama,Lake Angela
358832d1,2024-08-12,Jacob Hood,Pennsylvania,Olsenport
99e91bd7,2025-01-31,Christine Frost,New Hampshire,West Courtneyland
3e150b0f,2024-07-25,Laurie Reid,Tennessee,Mendezshire
f8c006f5,2025-01-30,Gabriel Phillips,Connecticut,South Mackenzieborough
49b84c84,2024-06-12,Mike Collins,Michigan,West Alexaton
2e6fb8f9,2024-04-14,Jonathan Everett,California,South Megan
33fe2bee,2025-01-26,Jonathan Graham,Arizona,Sawyerville
d86609d8,2024-04-10,Jessica Hutchinson,Nebraska,Nicholasport
960d07b0,2025-02-11,Roberto Frank,Vermont,Coryhaven
4144edb1,2024-10-27,Julie Howard,Colorado,Markstad
bee8f1f0,2024-11-18,Stacey Barton,New Mexico,Andreatown
5af6c803,2024-08-09,Melissa Rios,Iowa,North Melissamouth
165ca4ca,2024-12-04,Katelyn White,Ohio,Brendaview
b3947858,2025-01-05,Eric Bryant,Kansas,Hannahtown
358d6b92,2024-10-31,Beverly Mclean,Georgia,New Kimberly
483b27f5,2025-02-10,Curtis Sims,Arkansas,Martinhaven
e24de449,2024-06-08,Christina Castro,North Carolina,West Veronicaborough
a6b667dd,2024-07-20,Andrew Barron,Minnesota,South Debra
0b6dad30,2024-11-02,Eric Johns,California,West Jeffrey
1f2f89ef,2024-11-23,Melissa Robinson,Minnesota,New Scottstad
a485624a,2025-03-12,Keith Stephenson,South Carolina,Wallaceview
b143d92f,2024-11-16,Mathew Figueroa,Nebraska,Lake Gabriella
7c745278,2024-10-25,Eric Thompson,Louisiana,Henrymouth
12263016,2024-08-24,Alexander Murray,Missouri,Mirandaville
177593d3,2024-09-04,Sean Campbell,Maryland,Lake Dianefort
767e11b1,2024-10-16,James Young,Arkansas,West Shawn
0f97a240,2024-07-26,David Shah,Ohio,East Ryan
8af2a241,2024-04-01,Charlotte Thomas,Connecticut,Victoriachester
d55fda27,2024-03-19,Benjamin Bird,Texas,Lake Joshuashire
5375a6c6,2024-07-17,Matthew Strickland,Texas,Glennside
34d6e843,2024-09-19,Penny Doyle,Florida,North Heatherchester
dca633d9,2024-11-20,Robert Lara,New Hampshire,New Ashley
4227b6a7,2024-07-26,Mary Bates,Tennessee,Jenkinsport
8ae69874,2024-09-05,Joe Robinson,Louisiana,Huangport
740e6151,2024-05-26,Annette Molina,Georgia,North Caleb
54545414,2024-07-01,Jerry Hubbard,Delaware,Paulstad
521a7c03,2024-07-01,Michael Brown,Indiana,North Robert
12a40f9f,2024-04-16,Megan Cantu,Arizona,Trevortown
9b61f219,2025-02-15,Judith Cooper,Virginia,Brettland
acd99ff7,2024-12-23,Ruben Morrison,Rhode Island,South Frankmouth
bbcf7fda,2025-01-31,Paul Mitchell,Georgia,Zacharyton
1a8d061f,2024-06-11,Christopher Davis,Kansas,Port Robertberg
e978cf65,2024-03-26,Rebecca Bernard,Connecticut,Thompsonmouth
f7e9d608,2024-08-15,Joshua Barajas,Washington,Brewershire
02416714,2024-08-19,Keith Morse,Alaska,Nguyenburgh
d016e582,2024-10-30,Bryan Holt,Colorado,Jessicaborough
83c47d1d,2024-03-15,Mary Krueger,Oregon,North Sean
ba86853c,2024-09-28,Christopher Conway,Arizona,Lake Elizabethmouth
59bf974f,2024-11-10,Dr. Robert Townsend,Illinois,East Maurice
1e334a79,2024-10-09,Jared Hughes,Utah,West Nathanmouth
ae4da2c6,2024-11-15,Mary Miller,Wyoming,West Josephstad
c0b4eaa2,2024-06-12,Jessica Cortez,Missouri,Simpsonstad
39140a70,2024-11-11,Thomas Barnes,Vermont,New Kyle
17893935,2025-02-17,Matthew Jordan,Louisiana,South Stephenville
4543a8b4,2024-08-13,Elizabeth Chan,Indiana,Kennethborough
84769791,2024-10-20,Alexa Montoya,Michigan,Port Brandonside
9ffdba3a,2024-03-30,Tamara Smith,Kentucky,Reynoldsshire
00d60e81,2024-11-05,Michael Murphy,Vermont,Lake Joelside
aa0e58cb,2024-07-15,Denise Adkins,Massachusetts,Brightland
2a82bdb7,2024-12-15,Cassandra Brown,Oklahoma,South Larrychester
a8ee6c84,2024-06-26,Matthew Perry,Louisiana,South Kellymouth
bf7106a5,2024-09-17,Catherine Ramirez,Alaska,Morganstad
8fcc271d,2024-08-25,Scott White,Pennsylvania,Kristiehaven
7be063ef,2024-12-26,Misty Grant,Arizona,Meghanburgh
781c9515,2024-11-05,Beth Anthony,North Dakota,Cortezbury
714eebbf,2024-03-29,Alicia Villegas,Arizona,New Carlberg
161f8e69,2025-01-25,Zachary Shannon,New Jersey,South Markmouth
453f0838,2025-01-22,Christian Holt,Georgia,Lake Lauraport
7f8afa0b,2024-11-13,Mia Snyder,Maine,South Aaronbury
a5c912ea,2024-08-23,Michael Suarez,North Dakota,Scottfurt
49453b7f,2024-12-20,Pedro Myers,Oklahoma,Port Shannon
31381583,2025-01-15,Jonathan Carter,North Carolina,Sarahbury
0e2c97ea,2025-02-21,Elizabeth Chapman,Wyoming,Kathleenshire
d589f40b,2024-11-24,Paul Wright,Kansas,East Timothybury
3bc3e325,2024-03-30,Ashley Brown,Kentucky,South Vicki
1c21657d,2024-10-06,Elizabeth Saunders,Montana,Johnstad
da3bea2b,2024-09-12,Susan Oneal,New York,West Lindashire
9302a5cf,2025-01-24,April Stanley,Louisiana,Hernandezbury
a9c75b1a,2024-06-01,Laura Caldwell,Florida,Matamouth
761f6d21,2024-08-27,Richard Collins,Missouri,New Christopher
46c2ec4b,2024-08-10,Eric Miller,Missouri,Lake Sallymouth
3793deca,2024-09-23,Raymond Decker,Alabama,North Stephanie
5cd82453,2024-11-23,Lisa Myers,Virginia,Comptonville
b904bdbc,2025-01-22,Taylor Taylor,California,South Ashley
53582d76,2025-02-06,Alejandro Garcia,Oklahoma,Heatherborough
d0132039,2024-05-03,Chad Cooper,Vermont,Cassandrafurt
43e128f8,2024-08-05,Jennifer Guerrero,Idaho,East Curtis
bd96ad85,2024-08-07,Jillian Callahan,Michigan,North Juliemouth
635dd2fc,2025-01-17,Heidi Doyle,Washington,Port Brettfort
334ff738,2024-04-22,Martin Price,Kansas,Troyshire
c4eb4773,2024-12-02,Terri Edwards,Oklahoma,New Carrie
a286cc1e,2024-10-03,Tyler Allen,Wisconsin,Duarteburgh
39c9558f,2024-09-17,Courtney Johnson,New Hampshire,North William
0e05f816,2024-11-13,Erica Patterson,Virginia,Clarkmouth
ab07ffe2,2024-03-22,Pamela Snyder,Pennsylvania,Port Melvinmouth
20650053,2024-05-18,Michael Evans,Pennsylvania,Lake Johntown
0e0e249a,2024-07-19,Amanda Roach,Massachusetts,Garnerburgh
1b6ae8f6,2024-12-06,Chelsey Owens,Michigan,South Derrick
40d4b41f,2025-02-11,Victoria Garcia,New Jersey,Rodneystad
809a6de7,2024-05-20,Sean Davidson,Texas,West Kimberlyfort
d776585b,2024-06-27,Cheryl Rogers,Arizona,Meyersside
d537fd01,2024-11-01,Judith Crane,Oklahoma,Johnsonburgh
7ada1780,2024-03-25,Jessica Dillon,Georgia,Lake Tina
f96bc27e,2025-02-23,Elizabeth Matthews,Florida,New Kellymouth
a72ba362,2024-06-17,Cassandra Carter,Washington,Port Amber
e1af35c8,2024-09-23,Caitlin Melton,Vermont,Lunamouth
fbe16b36,2024-10-18,Wayne Acevedo,Virginia,North Wendyville
042a0539,2024-03-24,Emily Carpenter,Michigan,New Adamport
b8048846,2024-04-21,Sabrina Wilson,Indiana,Jesusshire
8c02e1fe,2024-12-14,Roger Jordan,New York,Santanaview
01d4ab70,2024-03-22,Shirley Cannon,Vermont,Lake Kristen
a17e390d,2024-09-27,Laura Rice,West Virginia,Hernandezport
3307ccbd,2025-01-22,Dawn Tucker,Missouri,West Angelicaland
c2e74728,2024-12-23,David Johnson,Nebraska,Cooperville
09eced0f,2024-10-21,Charles Odom,Alabama,Lindseyshire
674e976f,2024-07-30,Cindy Hanson,Louisiana,Jeffreyside
7e43b306,2024-09-03,Spencer Crawford,Virginia,Waynestad
2cbdfbd7,2025-01-20,Kathleen White,New York,Christopherbury
02f82a50,2024-10-08,Kimberly Coleman,Nebraska,Port Amy
24aab3d3,2024-04-12,Philip Gonzalez,South Dakota,Vazquezfort
96c0232f,2024-11-14,Jeanette Cox,New York,Port Teresa
886c6327,2024-07-26,Kristina Gilbert,Missouri,Marshallville
4921858b,2024-07-09,Clayton Morgan,Nevada,Barretthaven
80094596,2024-09-13,Abigail Johnson PhD,Vermont,North Ryanmouth
9e0d932e,2025-02-20,Alexis Tyler,New York,Colemanstad
3e64989e,2024-06-17,Brittney Steele,Nevada,Nathanchester
c0e0c925,2024-07-10,Amanda Stevenson,West Virginia,Stephensland
c0a594fa,2024-12-29,Samantha Kaufman,California,West Maryburgh
eb77b906,2024-05-18,James Murphy,Louisiana,East Brian
13c56d68,2024-08-21,Maurice Cox,Washington,North Joshuaborough
9fa6b12a,2025-01-02,John Drake,Georgia,Jamesville
74ac6907,2024-09-26,Brandon Rhodes,Arizona,East Matthewborough
cabe2321,2025-01-11,Daniel Wells,Utah,New James
adeb3a55,2024-07-25,Bryan Fleming,South Carolina,Amyton
e50f7f81,2024-03-25,Laura Campbell,Connecticut,East Rhonda
260f7366,2025-01-13,Michele Kaufman,North Carolina,New Deanberg
71b41d01,2024-03-12,Melissa Martin,Minnesota,Marioton
4068ce56,2024-08-04,Mark Brewer,West Virginia,Brandonmouth
3e087114,2025-01-09,Joseph Gamble,Minnesota,New Caleb
caf08a16,2024-06-20,Sarah Wilson,Missouri,Garrettton
b84a4e00,2024-09-13,Erin Davis,North Carolina,Pattersonmouth
eaade9f6,2024-05-29,Valerie Palmer,South Dakota,Stefaniefort
9d7eecd6,2024-05-26,Wendy Jones,Indiana,Kimberlytown
dcae780a,2024-11-09,Sharon Wilson,Utah,East Courtneyview
3e7b1cb9,2024-09-27,Christopher Mcbride,California,Rachelberg
2b706b20,2024-12-04,Jason Nguyen,Ohio,Suarezfurt
88a7c34f,2024-05-26,Brandy Keller,Indiana,Colemanfort
dad0baeb,2024-07-28,Phillip Murphy,Florida,Martinezside
a9d2a128,2024-04-20,Kenneth Wright,Connecticut,Carterbury
78e9c115,2025-01-09,William Maxwell,South Dakota,Angelafurt
