Order ID,Amount,Profit,Quantity,Category,Sub-Category,Payment Mode
1a6fa433,8803.68,204.84,6,Haircare,Perfume,Cash on Delivery
84b5dd05,1036.99,360.54,10,Fragrance,Shampoo,Cash on Delivery
100f3011,2617.58,828.25,8,Haircare,Lipstick,Debit Card
9118e063,7839.46,694.26,7,Skincare,Lipstick,Debit Card
4ebfcb4e,217.87,664.15,2,Skincare,Moisturizer,Cash on Delivery
87bb1dad,1789.88,997.64,8,Skincare,Shampoo,Credit Card
911c5844,7253.13,445.96,4,Beauty,Lipstick,Cash on Delivery
90b853f5,7375.58,535.11,8,Skincare,Shampoo,Cash on Delivery
0d606b92,598.93,561.02,2,Skincare,Perfume,Cash on Delivery
2c5c1d28,6614.92,823.44,4,Skincare,Foundation,Cash on Delivery
8da50385,4880.38,272.98,7,Beauty,Foundation,Cash on Delivery
26af1389,1352.53,726.73,10,Fragrance,Moisturizer,Credit Card
a0849e64,1498.26,224.43,4,Fragrance,Shampoo,Cash on Delivery
30d03e60,7337.02,795.24,6,Beauty,Lipstick,UPI
35e27149,8435.07,93.83,4,Beauty,Lipstick,Credit Card
a546bb22,2239.39,117.58,4,Haircare,Lipstick,Debit Card
4ddb5717,9145.13,407.92,5,Fragrance,Perfume,UPI
2dc31789,1045.53,525.29,7,Fragrance,Lipstick,Cash on Delivery
960eec96,8188.75,137.5,1,Haircare,Moisturizer,Cash on Delivery
65241ca0,3017.57,99.61,1,Beauty,Perfume,UPI
18d311e6,8199.43,650.33,8,Beauty,Moisturizer,UPI
aeec8c59,3184.4,739.31,8,Fragrance,Perfume,Debit Card
58d41853,1247.15,514.77,3,Haircare,Lipstick,Credit Card
ef2cace8,584.68,94.67,2,Makeup,Foundation,Debit Card
51848426,421.58,153.05,6,Haircare,Lipstick,UPI
0c0e8e60,5585.4,315.4,4,Makeup,Foundation,Cash on Delivery
f17c0914,858.4,646.98,6,Fragrance,Shampoo,Credit Card
8a2f79e0,5064.56,926.53,6,Fragrance,Foundation,Cash on Delivery
d1d9558a,3918.3,417.74,6,Fragrance,Lipstick,UPI
69bc51fe,3523.42,691.81,6,Skincare,Lipstick,Cash on Delivery
505e9d7e,7730.3,340.69,8,Skincare,Perfume,Credit Card
af4b53eb,1647.81,290.53,1,Skincare,Foundation,Cash on Delivery
f468c569,5252.84,738.61,5,Beauty,Shampoo,UPI
2001cdbc,6512.28,269.16,10,Fragrance,Shampoo,Debit Card
03816245,7423.09,560.12,2,Fragrance,Lipstick,Debit Card
1bc5fc07,6258.06,618.79,2,Skincare,Shampoo,Debit Card
9f68e527,339.85,758.1,9,Haircare,Lipstick,Credit Card
527da798,6702.67,550.94,6,Beauty,Lipstick,UPI
e6c8f696,6944.66,983.2,5,Haircare,Lipstick,UPI
3352b6f7,3666.78,445.32,5,Haircare,Moisturizer,Credit Card
fccd34f9,2150.47,617.9,6,Skincare,Foundation,Credit Card
5eebb0b7,7094.8,751.79,7,Haircare,Perfume,Debit Card
243a32ad,8659.36,347.85,2,Makeup,Shampoo,UPI
2a32eded,3154.42,618.08,4,Makeup,Moisturizer,Debit Card
e5db6699,5530.28,377.58,3,Skincare,Perfume,Debit Card
d8e71aa2,5261.55,336.39,7,Skincare,Shampoo,UPI
b32d8022,2878.78,618.45,2,Skincare,Lipstick,Debit Card
1533d225,6935.39,174.77,5,Makeup,Lipstick,Credit Card
cedd81e9,3704.67,854.78,1,Makeup,Moisturizer,UPI
180d87c7,6549.22,360.75,8,Beauty,Moisturizer,UPI
6e04a5c9,1955.6,217.34,3,Skincare,Perfume,Credit Card
9d6a07cf,5591.64,45.02,2,Fragrance,Moisturizer,Cash on Delivery
9f57a1eb,4307.2,963.2,3,Beauty,Shampoo,Debit Card
f882ed31,4155.12,325.08,5,Makeup,Foundation,Cash on Delivery
e32a95dc,5489.34,808.7,6,Fragrance,Perfume,Credit Card
358ccc52,8088.35,290.69,8,Beauty,Perfume,Cash on Delivery
758161b4,9429.11,777.85,10,Haircare,Moisturizer,UPI
8cae542c,9059.51,756.61,3,Fragrance,Lipstick,Credit Card
ca01b8dc,487.56,831.35,5,Fragrance,Foundation,UPI
3428503c,5179.89,88.97,1,Makeup,Lipstick,UPI
fb94fa77,3420.36,805.94,1,Beauty,Moisturizer,Debit Card
daf4a640,698.7,775.46,1,Skincare,Foundation,Debit Card
8dedaeb3,678.87,145.24,1,Beauty,Foundation,Cash on Delivery
adfbeeef,6777.53,865.36,3,Fragrance,Moisturizer,UPI
bea5d8bb,5641.69,330.78,7,Makeup,Perfume,Debit Card
c885a8e0,8590.24,508.73,4,Makeup,Foundation,Debit Card
9672429b,9826.5,551.6,8,Fragrance,Lipstick,Cash on Delivery
36a8aead,5606.98,910.98,10,Beauty,Perfume,Cash on Delivery
fa156489,3431.26,659.75,2,Makeup,Lipstick,Credit Card
6011836f,5465.51,638.58,8,Skincare,Shampoo,Cash on Delivery
d858f706,8688.34,95.24,7,Makeup,Moisturizer,Cash on Delivery
4d70a8fb,9976.08,118.06,3,Beauty,Perfume,Debit Card
714ba27f,5554.4,708.65,6,Beauty,Perfume,Debit Card
33f73eb9,6899.99,478.21,9,Skincare,Perfume,Debit Card
ae31c83b,5874.53,62.09,6,Makeup,Shampoo,Credit Card
d83669da,4119.35,113.16,8,Beauty,Perfume,Credit Card
a4316de2,561.25,199.75,2,Skincare,Foundation,Cash on Delivery
cc1b7192,8899.55,263.31,1,Fragrance,Moisturizer,Credit Card
19c3a74a,5725.37,805.77,5,Makeup,Foundation,UPI
3df1709f,6866.21,276.83,3,Skincare,Moisturizer,Debit Card
4d3af7d6,4447.09,270.27,8,Beauty,Lipstick,UPI
f6119be0,2653.96,367.14,1,Makeup,Perfume,UPI
f1c43b41,9723.21,668.97,6,Fragrance,Perfume,UPI
92b2f00f,3908.44,275.51,8,Makeup,Perfume,Cash on Delivery
d414239a,9474.04,220.25,10,Beauty,Lipstick,Credit Card
948fdc67,6559.03,482.23,4,Makeup,Perfume,Cash on Delivery
3eff268f,6641.46,543.38,9,Skincare,Moisturizer,Debit Card
54a3e43a,4919.17,269.66,8,Fragrance,Perfume,Debit Card
1cda5f35,1264.22,348.52,2,Makeup,Shampoo,Debit Card
8a9a65e3,4314.48,506.92,9,Beauty,Lipstick,Cash on Delivery
f6056f86,6774.55,568.47,6,Haircare,Shampoo,Debit Card
0df4f657,7367.11,828.57,1,Haircare,Lipstick,Debit Card
3c59e7aa,9853.95,443.78,1,Fragrance,Shampoo,Debit Card
ed6644c4,7462.24,571.87,4,Fragrance,Foundation,Credit Card
4a594cea,9930.31,102.33,2,Makeup,Shampoo,Cash on Delivery
253780c3,8056.76,708.5,6,Skincare,Moisturizer,UPI
cc19c15b,3402.08,517.67,5,Fragrance,Lipstick,Debit Card
e5e5d13c,3987.16,480.25,1,Skincare,Perfume,Cash on Delivery
3f895828,5450.73,938.21,3,Beauty,Moisturizer,Credit Card
1f4c6d5f,8661.77,912.59,1,Fragrance,Moisturizer,Debit Card
b2507151,5596.33,708.19,9,Fragrance,Foundation,UPI
0ee5135c,5973.55,244.23,1,Skincare,Perfume,Cash on Delivery
1434c363,4779.23,507.5,3,Makeup,Shampoo,Cash on Delivery
5f083cd9,9684.8,714.67,2,Makeup,Lipstick,Cash on Delivery
a65246a1,3959.8,431.76,8,Fragrance,Perfume,UPI
45918071,7368.12,552.36,7,Haircare,Lipstick,UPI
1609c84f,9692.78,917.21,9,Makeup,Perfume,Debit Card
a0ad1793,5922.65,313.31,6,Skincare,Lipstick,Credit Card
1676f524,9839.96,309.18,2,Haircare,Lipstick,Cash on Delivery
62e5f80e,4539.85,319.05,3,Haircare,Moisturizer,Credit Card
42d0d518,9190.71,394.97,6,Beauty,Shampoo,Debit Card
e3c23262,4664.7,686.49,1,Beauty,Perfume,UPI
e547cb90,4462.0,392.0,9,Beauty,Lipstick,UPI
22ee931f,4897.74,896.12,8,Makeup,Shampoo,Debit Card
93506dd0,8732.9,863.63,3,Haircare,Moisturizer,Cash on Delivery
6fb22d2c,775.69,456.75,10,Beauty,Foundation,UPI
f1a22d3f,179.29,10.95,2,Haircare,Shampoo,Credit Card
7323e5bc,7743.26,707.41,1,Haircare,Moisturizer,Cash on Delivery
c6891a39,2975.22,99.57,2,Haircare,Moisturizer,Debit Card
289bf10d,7619.23,58.51,8,Haircare,Shampoo,Debit Card
22eab21c,9868.46,706.74,5,Makeup,Foundation,Credit Card
9e6cd6b3,6297.49,290.53,5,Skincare,Foundation,Debit Card
7112fd05,9770.32,764.24,10,Fragrance,Lipstick,Cash on Delivery
d669c85a,6403.21,447.54,7,Haircare,Lipstick,Cash on Delivery
2ca8db8e,9264.45,620.98,10,Haircare,Lipstick,Debit Card
a26b7459,2022.34,473.79,1,Fragrance,Moisturizer,Credit Card
80cdd3e0,6074.58,457.61,7,Skincare,Shampoo,Cash on Delivery
797aa6c6,1896.05,340.78,9,Beauty,Shampoo,Credit Card
c23b409e,1537.19,792.2,2,Haircare,Perfume,Debit Card
b8c6089d,7325.83,115.89,1,Beauty,Moisturizer,UPI
f20c1b67,4337.96,92.25,10,Fragrance,Lipstick,UPI
3ff6e9c5,4787.64,477.0,6,Fragrance,Moisturizer,Debit Card
cc9dd1e9,7789.56,407.99,8,Haircare,Moisturizer,Credit Card
205a0ed4,4655.88,304.56,8,Makeup,Moisturizer,UPI
abeda807,9113.48,542.06,10,Beauty,Moisturizer,Cash on Delivery
07563e5c,6500.12,40.58,4,Haircare,Foundation,UPI
08326476,7283.12,221.32,5,Makeup,Shampoo,Credit Card
96bd2aad,6398.46,10.91,10,Haircare,Shampoo,UPI
47aa1d7b,3714.22,526.35,7,Fragrance,Lipstick,Debit Card
75211e9b,9932.77,926.6,9,Skincare,Moisturizer,Cash on Delivery
aabc630e,5035.32,119.5,6,Haircare,Perfume,Credit Card
ec09fe9a,8682.65,444.36,5,Beauty,Shampoo,Credit Card
6247ed41,546.33,811.72,7,Haircare,Perfume,UPI
faf3d2d9,9932.07,76.46,7,Haircare,Moisturizer,Cash on Delivery
67494c9d,9926.29,254.6,7,Beauty,Moisturizer,Credit Card
ed34d23a,8429.55,793.83,7,Beauty,Foundation,UPI
aa2e495b,7852.32,468.37,3,Haircare,Perfume,UPI
cf00a63a,6653.05,363.5,1,Haircare,Foundation,Cash on Delivery
a9e200ec,4712.23,668.22,5,Skincare,Shampoo,Debit Card
20a976e8,1162.67,278.48,1,Skincare,Lipstick,Cash on Delivery
c852c501,6021.16,854.3,2,Skincare,Shampoo,Cash on Delivery
1c97e46d,5786.02,579.53,2,Makeup,Lipstick,Debit Card
2c0f0d31,2491.74,956.42,1,Beauty,Foundation,Credit Card
fe5a4928,5591.49,892.43,3,Beauty,Foundation,Credit Card
7c94d198,7298.42,830.11,3,Haircare,Foundation,Cash on Delivery
ea91c128,794.41,582.19,9,Haircare,Foundation,Debit Card
30946515,6472.75,933.2,5,Skincare,Foundation,Credit Card
fdf9a370,2072.47,544.25,5,Beauty,Lipstick,Cash on Delivery
a171845c,673.79,200.41,5,Skincare,Moisturizer,Cash on Delivery
41f654e4,5476.27,654.42,8,Skincare,Lipstick,Debit Card
09e1c834,2468.34,431.33,10,Makeup,Perfume,Credit Card
b8d5aa31,6677.24,862.11,2,Skincare,Perfume,Debit Card
b3552e6c,2623.54,742.54,3,Fragrance,Lipstick,Credit Card
3a66ba08,4128.15,258.76,4,Fragrance,Foundation,UPI
17a4a0d2,216.22,421.62,4,Fragrance,Perfume,Cash on Delivery
10af40b0,1839.04,863.72,3,Skincare,Foundation,Debit Card
db9826ec,7542.78,74.07,3,Makeup,Foundation,Credit Card
c8876c2f,5583.21,516.02,3,Fragrance,Lipstick,UPI
783a91e9,8274.8,62.63,9,Fragrance,Foundation,Cash on Delivery
79223624,5227.47,496.71,5,Fragrance,Lipstick,UPI
2252ca4d,5427.49,271.88,3,Makeup,Lipstick,Debit Card
ded7e9e1,7334.7,811.96,2,Haircare,Moisturizer,Debit Card
1033e1cc,9521.84,617.88,1,Haircare,Moisturizer,Debit Card
f2ca8a1f,410.69,903.58,3,Fragrance,Perfume,UPI
402abb86,9399.21,309.48,8,Makeup,Lipstick,UPI
8039fbe8,4832.92,480.6,4,Makeup,Lipstick,UPI
5bdfbbeb,4917.39,475.41,10,Haircare,Perfume,Cash on Delivery
29f8d257,5880.38,384.09,6,Beauty,Perfume,UPI
647c2a52,4592.05,888.12,4,Haircare,Shampoo,Cash on Delivery
05b18e45,1914.7,404.63,1,Skincare,Foundation,Debit Card
6c3a1d18,1145.76,405.77,6,Skincare,Moisturizer,Cash on Delivery
1dc2e654,717.56,116.77,1,Skincare,Shampoo,UPI
f3e8be2a,6087.8,249.39,3,Beauty,Perfume,Cash on Delivery
2f176eec,6735.85,499.63,2,Beauty,Perfume,Cash on Delivery
8a8c256e,9902.05,208.02,1,Fragrance,Moisturizer,Credit Card
5b1f80c1,7687.1,648.93,3,Skincare,Lipstick,Cash on Delivery
624e024b,4160.83,651.94,3,Skincare,Foundation,Credit Card
0bab4cfc,8571.27,512.65,3,Skincare,Foundation,Debit Card
814e4a10,6257.71,51.65,5,Skincare,Moisturizer,UPI
016313da,2135.39,439.06,8,Haircare,Shampoo,Credit Card
caec5c7e,7422.0,109.62,1,Beauty,Lipstick,Cash on Delivery
280fc274,4104.94,696.69,5,Haircare,Lipstick,UPI
9d8cbdcc,6593.18,716.92,3,Haircare,Perfume,Cash on Delivery
d602bcf7,3896.21,446.57,2,Beauty,Shampoo,UPI
87888739,2326.6,625.52,8,Beauty,Moisturizer,Debit Card
0d865adb,3693.62,851.17,4,Fragrance,Foundation,Debit Card
7394728c,3402.35,429.52,4,Skincare,Lipstick,UPI
906390b1,1434.11,182.93,6,Haircare,Foundation,UPI
aa1d2006,284.73,400.27,3,Makeup,Moisturizer,Credit Card
44c4e8e5,3174.65,772.02,7,Haircare,Shampoo,Cash on Delivery
19705eac,7229.12,993.03,7,Fragrance,Lipstick,UPI
bd938362,2740.34,476.22,7,Beauty,Moisturizer,Debit Card
9355bb05,4487.44,540.22,1,Makeup,Shampoo,UPI
fda89ad8,9417.99,312.08,8,Fragrance,Moisturizer,Debit Card
32b066a9,6770.72,75.96,4,Makeup,Lipstick,Debit Card
fc90989e,4743.24,576.62,3,Haircare,Moisturizer,UPI
93a10f7a,2898.36,277.77,2,Skincare,Shampoo,Cash on Delivery
d1e77c43,5133.43,557.33,7,Makeup,Foundation,UPI
99265ba0,549.49,219.96,2,Makeup,Perfume,UPI
2b5ceac1,5135.39,661.25,4,Haircare,Lipstick,Credit Card
a22bdce7,2672.18,322.78,10,Skincare,Moisturizer,Credit Card
599f3b60,5599.3,188.42,10,Makeup,Foundation,Debit Card
920879d3,6622.74,544.48,3,Beauty,Perfume,UPI
1958727c,4148.61,796.75,2,Fragrance,Perfume,UPI
9207bed1,4286.21,216.91,8,Makeup,Shampoo,Cash on Delivery
23ee2b04,7893.02,239.67,9,Haircare,Perfume,UPI
aad75e0a,3811.63,267.63,4,Fragrance,Shampoo,Cash on Delivery
6bb498cb,8552.38,401.52,7,Makeup,Lipstick,Credit Card
8ad6b17e,1683.91,715.9,4,Haircare,Perfume,UPI
d4321353,6180.62,584.15,2,Fragrance,Shampoo,UPI
11871683,4625.5,382.73,3,Beauty,Lipstick,Cash on Delivery
adf4d4bb,877.4,17.91,8,Makeup,Perfume,Credit Card
c8f79e3c,109.56,802.42,1,Fragrance,Shampoo,UPI
e1862664,1423.97,156.88,10,Beauty,Perfume,Credit Card
f2804900,6838.54,128.43,8,Fragrance,Moisturizer,Cash on Delivery
9d7fbd9b,6057.36,176.84,4,Skincare,Perfume,UPI
00686ca1,1056.49,407.43,3,Skincare,Shampoo,UPI
187e9bce,8834.03,793.17,5,Skincare,Shampoo,Debit Card
3f8d146c,7864.32,380.86,7,Haircare,Perfume,Credit Card
67c83bf5,7346.8,823.47,5,Beauty,Lipstick,Debit Card
a85bb428,7114.89,811.54,3,Makeup,Moisturizer,Debit Card
64bf083e,9153.23,991.82,2,Skincare,Foundation,UPI
19f5bb7b,1522.78,388.31,10,Fragrance,Perfume,UPI
07059d8a,2606.83,109.13,6,Skincare,Moisturizer,Credit Card
f1cc76ba,1059.12,251.54,6,Makeup,Shampoo,Debit Card
6105933a,6128.64,339.5,7,Makeup,Moisturizer,Debit Card
3dd26db8,573.24,208.49,1,Fragrance,Shampoo,Cash on Delivery
03ec6aef,4326.68,279.51,6,Haircare,Lipstick,UPI
9773f457,7035.77,356.0,10,Skincare,Perfume,UPI
958de64a,8235.52,223.05,6,Fragrance,Perfume,Debit Card
8e81d012,8356.28,949.32,10,Beauty,Foundation,Cash on Delivery
cc58cd2a,5893.06,928.64,10,Haircare,Moisturizer,UPI
c9c56492,7255.34,121.4,10,Skincare,Moisturizer,Credit Card
bf037daf,4859.76,992.13,1,Makeup,Moisturizer,UPI
98ebc8c3,4456.16,913.03,8,Haircare,Foundation,UPI
22bd4492,7510.65,865.17,9,Haircare,Perfume,UPI
72a92937,988.74,633.95,3,Beauty,Moisturizer,UPI
22fca4d2,3434.83,749.55,3,Skincare,Foundation,Credit Card
47d0786e,9172.22,478.49,9,Fragrance,Lipstick,Debit Card
17e64dac,5296.64,548.53,5,Skincare,Perfume,Debit Card
15c0c1aa,3299.9,879.07,3,Makeup,Moisturizer,UPI
a744ae4e,9036.08,28.8,3,Makeup,Shampoo,Credit Card
1d85a144,4443.89,756.91,3,Haircare,Shampoo,Cash on Delivery
d0aa5dbb,8210.45,32.86,7,Beauty,Shampoo,Credit Card
a27afdad,2976.54,391.79,3,Skincare,Moisturizer,Debit Card
6332e0c2,8254.73,521.17,7,Haircare,Shampoo,Debit Card
5797f5e6,8135.19,295.87,7,Makeup,Moisturizer,Debit Card
36d11906,8459.95,364.99,3,Beauty,Moisturizer,Credit Card
eb9b0018,1240.97,767.77,9,Haircare,Foundation,Credit Card
433d47f9,3257.02,78.02,7,Skincare,Perfume,Cash on Delivery
f3427172,9882.82,986.08,7,Beauty,Foundation,UPI
12a5a19f,513.22,10.68,10,Beauty,Perfume,Cash on Delivery
4bffb195,3572.31,320.22,10,Beauty,Shampoo,UPI
297d9dc3,205.38,312.05,1,Haircare,Lipstick,Credit Card
b83f9f5a,9317.06,934.62,8,Fragrance,Perfume,Cash on Delivery
47ac8023,2183.86,953.02,2,Skincare,Lipstick,Credit Card
9ba61898,2225.99,318.28,10,Fragrance,Moisturizer,Cash on Delivery
38fc0932,1471.95,263.08,4,Fragrance,Perfume,Credit Card
ad2ad2a4,2086.28,487.75,5,Beauty,Lipstick,Debit Card
3c8abaa1,5743.07,698.3,1,Haircare,Moisturizer,Debit Card
5f0bdab4,3739.43,473.76,9,Skincare,Foundation,UPI
a9ea7e0e,6088.21,742.63,1,Haircare,Moisturizer,Debit Card
e33d71fa,8352.12,165.85,5,Makeup,Foundation,UPI
4b6cc93b,2197.05,908.68,6,Fragrance,Foundation,Credit Card
7379cb23,412.63,435.87,1,Skincare,Shampoo,Debit Card
721f5b26,2328.97,255.3,4,Skincare,Perfume,Credit Card
e5105d36,4964.79,17.42,7,Haircare,Perfume,Cash on Delivery
b1e904f3,2630.34,527.62,1,Beauty,Shampoo,Credit Card
3005b2cf,7069.08,348.92,1,Skincare,Lipstick,Debit Card
70d5fdd3,5906.51,977.26,6,Skincare,Lipstick,Credit Card
8d3b9ed6,2060.32,234.05,5,Skincare,Foundation,Debit Card
cebe830a,3779.67,543.62,3,Beauty,Moisturizer,Cash on Delivery
cb9cff77,8099.75,14.03,10,Skincare,Foundation,Debit Card
64dfa5fa,8051.98,687.09,9,Makeup,Moisturizer,Debit Card
78f05f95,9314.12,949.5,10,Beauty,Lipstick,Credit Card
27a67a1a,5300.24,69.69,9,Haircare,Perfume,Cash on Delivery
7bcf7d01,8380.73,403.92,9,Beauty,Foundation,Credit Card
7ea0ce86,4207.4,352.41,2,Fragrance,Perfume,UPI
1ce3837c,7492.17,312.76,1,Beauty,Moisturizer,Cash on Delivery
2b5867f0,4398.65,527.37,4,Beauty,Perfume,UPI
1174c2e7,1729.23,221.39,6,Fragrance,Lipstick,Credit Card
381ff16f,9960.82,833.98,9,Makeup,Shampoo,Credit Card
b75e0c5d,4434.52,384.29,6,Makeup,Shampoo,Cash on Delivery
028525c0,1340.49,516.25,1,Fragrance,Perfume,Cash on Delivery
b3639400,9363.56,17.17,6,Fragrance,Moisturizer,Credit Card
a744649e,510.95,478.46,4,Haircare,Foundation,Cash on Delivery
ab566024,4497.93,773.55,9,Makeup,Shampoo,Debit Card
a8db0f99,7553.1,78.79,9,Haircare,Shampoo,Cash on Delivery
2111abcb,979.08,694.47,10,Beauty,Foundation,Debit Card
b344a6bf,2800.71,925.09,10,Beauty,Shampoo,Debit Card
c5b8510c,9170.01,950.22,3,Skincare,Foundation,Cash on Delivery
e59f8390,1194.38,92.23,9,Skincare,Lipstick,Credit Card
14072cc7,3309.86,96.14,2,Makeup,Moisturizer,Cash on Delivery
91ecd91d,5199.15,860.89,7,Haircare,Perfume,Credit Card
0b4009f1,6238.96,701.64,5,Haircare,Perfume,UPI
a469c2e2,9234.71,696.23,8,Makeup,Foundation,UPI
b21783fa,8866.87,409.28,5,Skincare,Lipstick,Cash on Delivery
5ac74f70,8826.27,781.88,6,Makeup,Moisturizer,Credit Card
d203e762,8056.03,946.75,7,Makeup,Shampoo,UPI
999347f9,9270.7,987.5,9,Fragrance,Moisturizer,Cash on Delivery
b895a44c,2272.55,122.85,8,Skincare,Foundation,Cash on Delivery
ba374f74,1357.18,634.92,2,Makeup,Lipstick,Debit Card
3e2c596b,9490.78,440.98,5,Makeup,Perfume,Credit Card
b6d2af68,9676.41,44.36,7,Skincare,Shampoo,Credit Card
d0c48921,1502.41,54.31,7,Makeup,Foundation,Cash on Delivery
30c70736,162.87,147.08,8,Fragrance,Perfume,UPI
4a782408,4339.7,997.11,8,Haircare,Shampoo,Credit Card
389ca2e4,1933.74,233.42,3,Makeup,Foundation,Credit Card
bad728de,6066.0,558.16,10,Makeup,Foundation,Cash on Delivery
74a982b8,5160.85,323.73,5,Skincare,Moisturizer,Cash on Delivery
62950a87,9647.67,946.29,7,Makeup,Perfume,UPI
e1fb89a8,7525.69,234.89,1,Beauty,Lipstick,UPI
238b74ad,3530.45,302.96,3,Skincare,Shampoo,Credit Card
fa645e00,1351.55,722.16,1,Fragrance,Moisturizer,Credit Card
2e0d4fe8,1941.53,599.96,9,Haircare,Moisturizer,Credit Card
82912000,6589.9,987.06,3,Fragrance,Foundation,UPI
6a9f92cc,9954.17,102.24,7,Fragrance,Foundation,Debit Card
e71d0624,5245.68,419.64,6,Beauty,Lipstick,Debit Card
598acb4e,3940.01,389.87,4,Skincare,Perfume,UPI
7ee99750,5491.52,550.92,9,Beauty,Moisturizer,Credit Card
8fa591de,4544.14,579.74,9,Makeup,Shampoo,Credit Card
d872e1b4,7368.47,63.94,3,Beauty,Moisturizer,Credit Card
c2ed39b6,6603.73,551.09,6,Beauty,Moisturizer,UPI
21d2a09c,9308.46,891.22,10,Skincare,Perfume,Debit Card
a849e3b3,9260.94,756.3,7,Fragrance,Shampoo,Cash on Delivery
3c8d088a,9165.53,444.8,7,Makeup,Foundation,Debit Card
1a83138d,2399.49,458.43,5,Makeup,Moisturizer,Credit Card
593f3afd,1671.92,713.55,8,Beauty,Moisturizer,UPI
9c92dca9,3921.51,104.12,9,Haircare,Moisturizer,Debit Card
adff4c5f,8537.4,91.4,5,Makeup,Perfume,Debit Card
49920845,2773.35,167.88,3,Makeup,Perfume,Credit Card
f314727b,3910.26,277.34,9,Fragrance,Moisturizer,Debit Card
9bf305f6,675.21,92.53,6,Fragrance,Perfume,UPI
aabc02e1,3251.24,975.47,5,Beauty,Foundation,UPI
686b16ad,7297.55,609.27,2,Beauty,Moisturizer,UPI
fd779af4,3188.6,450.49,6,Beauty,Moisturizer,UPI
a4fb8923,2809.31,711.61,5,Makeup,Shampoo,Credit Card
fbac375b,5972.57,597.81,1,Beauty,Perfume,Debit Card
1bbb72f8,5327.38,840.42,2,Skincare,Moisturizer,Cash on Delivery
d22e41ad,9705.91,795.04,9,Makeup,Foundation,Credit Card
038f49e6,5634.41,331.38,9,Beauty,Moisturizer,Debit Card
2fa6f549,6733.58,313.68,4,Skincare,Moisturizer,Debit Card
f3f816cb,2348.92,798.53,6,Beauty,Moisturizer,Credit Card
416546db,100.01,825.62,3,Makeup,Shampoo,Cash on Delivery
b184d838,1025.91,192.03,5,Makeup,Lipstick,Credit Card
84f52e0a,8723.19,628.87,4,Makeup,Moisturizer,UPI
2c711437,7850.4,333.6,9,Skincare,Foundation,Cash on Delivery
0d8f8d81,4746.88,300.98,3,Makeup,Shampoo,UPI
c42d66a8,7193.98,901.42,8,Beauty,Foundation,Cash on Delivery
aa9a7161,8923.11,83.87,8,Makeup,Lipstick,Cash on Delivery
57b649c2,2828.15,585.47,2,Fragrance,Moisturizer,Debit Card
6842de11,883.99,331.75,8,Makeup,Moisturizer,Cash on Delivery
d41238f7,6475.81,534.14,4,Beauty,Shampoo,UPI
015b4de5,1861.4,157.81,7,Haircare,Perfume,Cash on Delivery
697a3ea8,6911.28,341.56,1,Skincare,Lipstick,Debit Card
de896b18,2203.44,934.56,4,Fragrance,Moisturizer,Debit Card
f54b7f18,8251.69,375.92,10,Fragrance,Shampoo,Cash on Delivery
01c549a6,3660.56,782.35,4,Makeup,Perfume,Cash on Delivery
4d7d0036,3663.65,141.87,8,Beauty,Perfume,Cash on Delivery
ce5632f5,369.47,929.13,10,Skincare,Perfume,Debit Card
855a8a56,1111.8,792.54,9,Beauty,Foundation,Cash on Delivery
28f8b905,5009.67,249.27,7,Skincare,Shampoo,UPI
1fed09f4,3794.26,928.61,8,Fragrance,Foundation,UPI
6f42200d,2614.35,645.74,4,Beauty,Moisturizer,UPI
26624f9e,7217.68,922.54,9,Makeup,Lipstick,Cash on Delivery
646d7513,9249.26,778.4,9,Skincare,Perfume,Debit Card
5d09c87f,9553.38,191.48,9,Skincare,Shampoo,Credit Card
cd784eed,6496.26,370.96,9,Haircare,Moisturizer,Debit Card
bff7258e,3970.22,517.27,4,Makeup,Moisturizer,Debit Card
a4c7a056,2103.13,489.34,9,Haircare,Moisturizer,UPI
17f5d957,8856.48,631.38,7,Makeup,Lipstick,Cash on Delivery
367cff14,5450.93,382.47,3,Beauty,Lipstick,UPI
55b287a7,1458.43,880.67,5,Makeup,Perfume,UPI
fdcb159b,7609.81,735.29,7,Skincare,Foundation,Cash on Delivery
e6310414,9539.81,351.52,5,Haircare,Lipstick,Cash on Delivery
019a9383,7020.92,200.03,5,Haircare,Shampoo,Credit Card
6365fa70,3485.15,661.43,2,Skincare,Foundation,Cash on Delivery
5c75c898,5615.22,379.99,2,Beauty,Moisturizer,Credit Card
7383e91f,5937.57,549.48,10,Fragrance,Foundation,Cash on Delivery
1af5a071,4306.77,485.2,5,Fragrance,Foundation,UPI
5d46d984,6770.98,744.16,1,Fragrance,Shampoo,Credit Card
de203f6b,3847.53,816.42,3,Haircare,Moisturizer,Debit Card
407013fb,8425.72,686.43,4,Fragrance,Lipstick,Credit Card
d3edb32f,6131.51,295.45,6,Skincare,Shampoo,UPI
54b30c7e,2205.8,329.9,8,Makeup,Perfume,UPI
499bb0ae,7877.68,329.3,9,Makeup,Shampoo,Cash on Delivery
1d59164c,5439.02,877.74,1,Beauty,Foundation,Debit Card
361beb0b,812.39,412.16,7,Fragrance,Moisturizer,Debit Card
509d5b80,2139.68,834.82,6,Makeup,Shampoo,Credit Card
6399cd65,9659.89,811.82,8,Beauty,Perfume,UPI
a4292db6,3253.2,172.16,5,Beauty,Foundation,UPI
f8107661,5004.0,882.53,3,Fragrance,Shampoo,UPI
6f9c7a56,7971.48,506.25,4,Haircare,Shampoo,UPI
51ca533d,2372.51,945.8,9,Fragrance,Foundation,Credit Card
0bcba8f0,5223.84,342.73,6,Fragrance,Perfume,Credit Card
1abe5025,3601.58,778.2,1,Haircare,Lipstick,Cash on Delivery
d80f1cd6,3432.59,789.35,8,Skincare,Lipstick,Debit Card
5554b88f,2090.92,979.68,8,Makeup,Lipstick,Cash on Delivery
f7c3c344,9638.04,392.89,9,Fragrance,Perfume,Cash on Delivery
f3397c92,543.98,48.19,7,Haircare,Foundation,Debit Card
903e3946,747.83,887.12,4,Haircare,Foundation,Debit Card
97cd4a78,6737.03,182.56,1,Makeup,Foundation,Debit Card
04a2da4b,5399.11,192.05,1,Skincare,Perfume,Cash on Delivery
2d9cae45,2384.58,891.74,4,Fragrance,Shampoo,Cash on Delivery
da804162,4364.26,650.61,6,Makeup,Lipstick,UPI
81fdf523,8165.01,358.04,1,Fragrance,Moisturizer,UPI
f4c0316e,7257.95,461.9,4,Skincare,Moisturizer,Debit Card
6db5d821,9376.24,355.62,8,Makeup,Shampoo,Cash on Delivery
9ef10254,6414.22,318.36,4,Haircare,Moisturizer,Cash on Delivery
94d18f73,4190.58,336.61,3,Makeup,Shampoo,UPI
d3f25074,4686.89,27.5,1,Skincare,Perfume,UPI
66be7948,1005.56,925.52,1,Haircare,Lipstick,Cash on Delivery
29b6f098,7735.47,504.38,10,Makeup,Perfume,Debit Card
0ed9c6c3,2902.3,109.84,8,Haircare,Foundation,UPI
2d12eddb,5158.12,534.3,2,Fragrance,Shampoo,UPI
d6c9623d,2223.12,510.71,3,Fragrance,Foundation,Credit Card
6329ce86,8111.38,313.03,6,Makeup,Lipstick,UPI
8daa09b1,486.91,483.45,1,Beauty,Shampoo,Credit Card
ecb98365,4146.8,422.3,3,Skincare,Lipstick,Credit Card
821dbcbd,2076.6,984.38,6,Beauty,Lipstick,Cash on Delivery
254b29f1,4216.04,974.31,5,Beauty,Foundation,Debit Card
697694c1,8047.14,313.22,6,Beauty,Perfume,Debit Card
14d0c7b2,5568.6,97.88,6,Skincare,Moisturizer,Debit Card
0a7b1219,3303.42,979.88,4,Beauty,Shampoo,Credit Card
28d46ab1,1075.67,392.83,2,Beauty,Moisturizer,UPI
b829978c,2631.16,735.77,1,Makeup,Shampoo,Debit Card
f42167d1,4614.98,273.28,4,Skincare,Shampoo,Cash on Delivery
5fbdc4fc,7535.33,653.59,10,Skincare,Foundation,Debit Card
a86b4eec,9261.89,765.95,5,Haircare,Foundation,Debit Card
307ba197,194.73,473.16,3,Beauty,Foundation,Credit Card
7a93317e,2519.49,316.44,9,Skincare,Perfume,Cash on Delivery
3b401289,8596.16,902.32,3,Makeup,Shampoo,UPI
8c1bb9d2,1613.8,311.96,5,Skincare,Lipstick,Cash on Delivery
1f9c737e,3931.92,453.92,3,Fragrance,Perfume,UPI
fc81cba3,9043.32,963.44,2,Makeup,Foundation,UPI
fe8434bb,6145.36,104.02,3,Makeup,Moisturizer,Debit Card
6a814a5a,1919.46,859.4,8,Fragrance,Foundation,Debit Card
e7e3c075,4522.08,323.88,9,Fragrance,Perfume,UPI
9c1a100c,995.44,528.16,8,Haircare,Perfume,Debit Card
5d618b96,131.08,139.81,5,Makeup,Moisturizer,Credit Card
4fba8ce0,6112.27,511.31,8,Fragrance,Foundation,Credit Card
a37ee3cc,4086.58,364.93,2,Fragrance,Perfume,UPI
75e5f93c,5965.48,494.04,2,Makeup,Perfume,Credit Card
6e88636e,5436.9,654.11,4,Beauty,Foundation,Cash on Delivery
ebadf5a1,4958.63,887.08,9,Haircare,Foundation,UPI
c9b81337,1342.88,684.86,2,Beauty,Foundation,Cash on Delivery
598006dd,2560.56,291.51,3,Beauty,Shampoo,Debit Card
3e868cbf,5275.19,164.19,6,Skincare,Foundation,Debit Card
db2a2cba,7145.65,266.86,4,Skincare,Shampoo,Credit Card
418ddec5,1241.29,67.66,8,Haircare,Lipstick,Cash on Delivery
def56c18,7796.02,944.26,3,Makeup,Perfume,Credit Card
b080f5b2,4411.48,835.75,6,Fragrance,Foundation,UPI
201b7dfa,9249.86,203.74,8,Fragrance,Perfume,Credit Card
50d9c4f0,2055.41,682.56,8,Fragrance,Moisturizer,UPI
c72339cb,5179.38,47.68,1,Beauty,Shampoo,Cash on Delivery
d9e9dead,9041.67,772.9,9,Beauty,Shampoo,Credit Card
f8d26366,537.37,447.7,9,Skincare,Lipstick,Debit Card
0ded9f3d,2123.67,112.03,7,Fragrance,Foundation,UPI
98ab8485,5121.05,497.37,2,Skincare,Foundation,Debit Card
6abff399,2860.81,210.1,7,Skincare,Perfume,Credit Card
bbc758ed,4283.35,192.99,7,Fragrance,Foundation,UPI
6663d510,8930.86,325.24,7,Fragrance,Perfume,UPI
306d373b,8886.06,56.87,7,Beauty,Perfume,Cash on Delivery
8311a4f8,7767.95,563.76,8,Makeup,Foundation,Cash on Delivery
690c9229,7858.54,635.92,10,Haircare,Foundation,UPI
2ae4e7f6,1514.47,967.72,10,Fragrance,Foundation,Credit Card
e3d9204d,4907.69,599.22,7,Makeup,Lipstick,Cash on Delivery
3a0863c0,1965.79,403.53,9,Makeup,Foundation,Credit Card
d763f706,5802.71,159.13,9,Fragrance,Moisturizer,Debit Card
6076f905,2528.29,713.41,1,Fragrance,Moisturizer,UPI
09eab568,5687.46,975.59,7,Beauty,Shampoo,Debit Card
92015f15,7260.81,535.0,1,Skincare,Moisturizer,Credit Card
c7c6302f,4407.07,89.99,9,Skincare,Lipstick,Cash on Delivery
fa12e99f,8705.85,322.92,1,Haircare,Foundation,UPI
84dd04e8,2849.67,592.18,1,Makeup,Moisturizer,Cash on Delivery
cde72a85,3695.04,725.3,7,Skincare,Foundation,UPI
5d8e5ce6,3770.01,892.06,7,Makeup,Perfume,Credit Card
32020281,9001.55,692.92,4,Haircare,Lipstick,UPI
a3713c27,7471.33,388.19,5,Beauty,Perfume,Credit Card
69af6962,2018.47,657.94,5,Makeup,Moisturizer,UPI
5acbe962,4905.11,942.14,5,Beauty,Foundation,Cash on Delivery
b8ee9f57,4099.06,394.03,10,Haircare,Shampoo,Credit Card
8f345ee3,7886.16,785.79,1,Skincare,Foundation,Cash on Delivery
9d78090f,9242.33,889.84,6,Fragrance,Lipstick,UPI
8cd3b441,9060.34,266.19,1,Haircare,Foundation,Debit Card
80afd9f8,685.27,301.64,6,Beauty,Perfume,Debit Card
924b3639,671.58,409.06,3,Beauty,Foundation,Debit Card
649b0168,4201.99,870.34,8,Haircare,Moisturizer,Credit Card
3249429c,9280.93,969.66,10,Haircare,Foundation,Debit Card
e2222bdc,7868.17,678.89,2,Haircare,Lipstick,UPI
4209d2bb,8947.14,505.69,7,Skincare,Moisturizer,Debit Card
d3ce112a,8079.73,656.11,2,Haircare,Lipstick,Debit Card
624d6b1c,2419.63,632.17,8,Haircare,Perfume,Cash on Delivery
719187fe,4834.77,703.25,4,Makeup,Moisturizer,Credit Card
9a03c98f,5860.77,325.36,4,Haircare,Perfume,Cash on Delivery
fa383d7f,2548.09,300.25,8,Fragrance,Perfume,Credit Card
942af40c,6264.73,130.11,3,Fragrance,Foundation,Debit Card
bbbbaed3,1007.05,214.67,3,Makeup,Shampoo,Debit Card
a977b53e,1516.44,817.84,4,Fragrance,Foundation,Credit Card
75eaf462,6653.16,776.58,4,Skincare,Lipstick,Debit Card
fa38b433,7697.42,186.98,6,Fragrance,Perfume,Cash on Delivery
1a56e0ea,4614.18,525.4,4,Makeup,Shampoo,Cash on Delivery
96e83091,9341.91,264.96,2,Beauty,Foundation,Credit Card
db17e27d,5823.95,189.13,6,Haircare,Shampoo,UPI
7ade6c01,4655.96,212.82,2,Beauty,Moisturizer,Cash on Delivery
146a0114,8556.66,573.26,1,Beauty,Lipstick,Debit Card
fac80fe1,6527.12,791.74,10,Skincare,Shampoo,Credit Card
9c397d4a,6447.17,104.77,3,Fragrance,Foundation,UPI
de073c95,7625.94,355.21,6,Haircare,Moisturizer,Cash on Delivery
81d494aa,2231.92,997.89,3,Skincare,Perfume,UPI
5f6df37d,5122.13,706.74,5,Haircare,Perfume,UPI
9dbde325,6084.27,101.14,5,Haircare,Foundation,Credit Card
f0fbdf35,1842.3,653.28,5,Makeup,Shampoo,Debit Card
33286fe6,898.73,199.59,1,Fragrance,Perfume,Debit Card
713beabf,3799.23,377.97,5,Haircare,Foundation,Debit Card
2664317b,6264.97,936.68,5,Haircare,Shampoo,Credit Card
a034d2c7,1848.97,521.26,2,Skincare,Lipstick,Cash on Delivery
a0bbfab5,5594.25,940.67,7,Haircare,Perfume,Debit Card
4f3e6cd0,4076.01,514.03,8,Makeup,Lipstick,UPI
e16e346d,8961.0,98.54,4,Beauty,Lipstick,UPI
7bb80006,9041.74,738.11,3,Haircare,Perfume,UPI
a038f1fc,5935.35,346.52,10,Makeup,Perfume,Credit Card
851814ac,2808.19,655.88,6,Makeup,Shampoo,UPI
eeaec8a5,4206.12,983.57,3,Makeup,Perfume,Debit Card
c514128d,7497.45,585.76,1,Skincare,Moisturizer,UPI
5914f9ce,3613.37,308.3,9,Makeup,Perfume,Credit Card
9f6e6c41,7228.55,709.56,7,Beauty,Perfume,UPI
d9ce2902,9995.99,666.47,7,Beauty,Shampoo,UPI
ab19f7ab,2178.02,467.55,4,Skincare,Lipstick,Cash on Delivery
8359a4f4,5857.31,601.53,6,Fragrance,Lipstick,Credit Card
2e4d3f97,1809.96,968.29,4,Skincare,Moisturizer,Credit Card
e4a4e93f,9861.32,371.38,1,Makeup,Moisturizer,Cash on Delivery
6982a857,3524.18,975.71,7,Haircare,Shampoo,Cash on Delivery
b4df1bc5,7291.12,182.18,3,Makeup,Perfume,Debit Card
7be0b2dd,8160.04,937.14,4,Haircare,Foundation,Credit Card
3415fe94,4651.08,678.11,4,Fragrance,Moisturizer,Debit Card
0cc6c537,7064.65,211.2,5,Makeup,Foundation,Debit Card
2041946b,8252.01,746.66,9,Fragrance,Moisturizer,Cash on Delivery
a7b02981,4569.7,773.88,8,Makeup,Lipstick,UPI
c7f59fd5,5219.72,168.94,7,Makeup,Shampoo,UPI
64c18949,912.54,950.38,5,Haircare,Shampoo,Cash on Delivery
06d38505,9139.0,453.17,1,Skincare,Perfume,UPI
8493430e,3598.94,844.22,7,Makeup,Moisturizer,Debit Card
b0f629f7,3297.33,385.07,5,Fragrance,Perfume,UPI
47f163ec,5424.33,687.01,5,Skincare,Moisturizer,Credit Card
f7d537ca,8112.08,130.38,7,Beauty,Perfume,Credit Card
47e0e13b,750.2,345.35,8,Fragrance,Perfume,Cash on Delivery
fed4ac00,4795.89,226.75,2,Makeup,Perfume,Cash on Delivery
ddcf1ee2,400.54,483.99,6,Makeup,Lipstick,Cash on Delivery
1ffe18d3,2200.39,58.22,5,Beauty,Perfume,Debit Card
61a96926,8738.71,959.17,2,Haircare,Moisturizer,Debit Card
91f230f3,2403.34,65.75,9,Makeup,Foundation,Credit Card
6199f575,8435.29,537.38,6,Beauty,Shampoo,Credit Card
a8d58bec,3229.38,219.11,8,Makeup,Moisturizer,Credit Card
bee88c90,5764.79,532.12,2,Makeup,Moisturizer,Cash on Delivery
35a204ef,8366.91,227.49,2,Makeup,Perfume,Debit Card
cc2dd5f5,4375.5,863.44,6,Fragrance,Moisturizer,Debit Card
3d8c5fd0,2898.77,242.08,6,Makeup,Shampoo,UPI
2bed307b,2545.39,382.84,3,Beauty,Shampoo,Credit Card
86bb685f,4510.6,48.09,4,Makeup,Moisturizer,UPI
e0182069,5947.9,528.12,4,Skincare,Shampoo,Credit Card
3d7e7bbc,8555.06,666.08,8,Fragrance,Foundation,Debit Card
7702a6fb,7443.68,498.73,4,Fragrance,Perfume,Cash on Delivery
0ef42bd2,7322.08,299.97,8,Fragrance,Moisturizer,Debit Card
f87f3dae,985.99,424.75,3,Skincare,Lipstick,Debit Card
91a2eebb,2158.12,434.75,3,Fragrance,Moisturizer,Credit Card
c4fb978d,4628.89,20.23,3,Skincare,Perfume,Cash on Delivery
fb3eed6e,7071.03,302.53,2,Beauty,Perfume,Cash on Delivery
8d757515,8617.8,875.28,8,Skincare,Lipstick,Cash on Delivery
32b66f12,1077.24,135.79,9,Skincare,Moisturizer,Cash on Delivery
4604fdb2,6363.06,444.47,7,Fragrance,Foundation,Debit Card
1116320b,1593.66,201.23,10,Haircare,Perfume,UPI
58a22522,258.84,195.33,8,Fragrance,Shampoo,Debit Card
671691dc,9365.56,603.34,6,Makeup,Perfume,UPI
04bdbcdf,3844.58,65.7,10,Haircare,Foundation,Cash on Delivery
28168f55,8076.47,933.97,10,Makeup,Perfume,Debit Card
9184d50a,6730.93,757.8,10,Beauty,Shampoo,Debit Card
d75ebcd6,9434.48,992.03,6,Makeup,Moisturizer,Debit Card
4c3025a8,2219.89,561.38,6,Skincare,Perfume,Cash on Delivery
e8baf199,2580.46,37.63,1,Fragrance,Lipstick,Cash on Delivery
ec021236,7938.97,164.08,7,Makeup,Foundation,UPI
ec7e4f0c,7174.38,480.86,8,Fragrance,Foundation,Debit Card
ddb64830,9757.89,530.33,4,Fragrance,Lipstick,Debit Card
da41cd5f,7576.68,199.39,6,Makeup,Shampoo,UPI
e118ca5a,3419.32,333.25,4,Makeup,Moisturizer,Credit Card
fbff4010,6317.47,854.13,4,Beauty,Shampoo,Cash on Delivery
5b734735,5699.58,220.3,8,Skincare,Shampoo,UPI
e4662c8c,7212.07,79.85,1,Makeup,Perfume,Debit Card
eaa2d3e7,8594.8,128.93,3,Beauty,Shampoo,UPI
2a5483ca,5616.29,652.53,1,Beauty,Foundation,Cash on Delivery
bb7d39e0,285.55,255.66,4,Fragrance,Shampoo,Credit Card
0690b79a,2705.17,297.09,7,Haircare,Lipstick,Debit Card
7f7382db,4313.21,578.76,6,Fragrance,Foundation,Credit Card
d1d913b0,8886.4,689.11,10,Fragrance,Perfume,UPI
cb65a16c,7140.56,16.67,4,Fragrance,Moisturizer,Cash on Delivery
e2de032c,8018.69,382.08,1,Haircare,Foundation,Cash on Delivery
9027e76d,3781.53,145.06,5,Skincare,Perfume,UPI
8bad750e,682.22,892.85,5,Haircare,Foundation,Cash on Delivery
1cfa891b,792.38,911.84,7,Skincare,Shampoo,Credit Card
52dfed8c,3137.66,378.06,9,Beauty,Shampoo,Cash on Delivery
ba3c124b,995.94,243.46,8,Haircare,Moisturizer,Debit Card
075da2f3,315.02,549.22,2,Skincare,Foundation,Credit Card
3a7d1498,7062.79,960.49,7,Makeup,Foundation,UPI
b2bdc606,3751.56,442.89,4,Makeup,Foundation,Credit Card
78a5bf91,6540.06,524.51,4,Beauty,Moisturizer,Credit Card
51bb19d6,614.56,879.02,7,Fragrance,Perfume,Credit Card
0862f05f,5996.39,240.7,3,Haircare,Foundation,Debit Card
aa55a6bb,9153.57,924.56,10,Skincare,Shampoo,Credit Card
9e27c0ff,9732.86,555.52,4,Beauty,Shampoo,Credit Card
5f5ae612,6923.68,583.37,9,Skincare,Moisturizer,UPI
4e88f017,8539.73,400.79,4,Fragrance,Perfume,Debit Card
c38d3e15,3088.71,662.0,2,Beauty,Lipstick,Debit Card
b11a63a9,2717.8,524.17,4,Beauty,Shampoo,Debit Card
9d1de945,4213.51,413.31,9,Fragrance,Moisturizer,Cash on Delivery
02109e32,9522.26,829.78,4,Fragrance,Foundation,UPI
d25bddb9,1634.9,614.57,3,Skincare,Moisturizer,Credit Card
06fd8fef,7400.71,242.18,3,Makeup,Shampoo,UPI
df487e18,9398.12,549.75,7,Skincare,Shampoo,Cash on Delivery
7d9992bd,3149.73,15.98,4,Makeup,Perfume,Debit Card
10b9f71e,7747.6,276.91,2,Makeup,Shampoo,Credit Card
9e8ae011,1891.51,608.46,1,Haircare,Moisturizer,Credit Card
2c27ccd3,1218.37,355.5,6,Fragrance,Shampoo,Cash on Delivery
253f0b3c,7056.76,284.74,6,Fragrance,Perfume,Credit Card
0d2b1a3a,6919.84,270.87,5,Haircare,Shampoo,Cash on Delivery
5d441dab,1542.6,725.53,9,Skincare,Perfume,UPI
54a4901a,628.11,571.69,8,Fragrance,Shampoo,Credit Card
bc935c36,8258.6,599.2,8,Beauty,Lipstick,Cash on Delivery
1efc5a04,2011.71,814.99,10,Fragrance,Perfume,UPI
1d13e612,6987.64,175.62,4,Beauty,Moisturizer,Debit Card
87db1892,6237.0,827.82,2,Fragrance,Moisturizer,Credit Card
e335817e,4251.78,631.81,3,Skincare,Perfume,Credit Card
37845268,9807.94,770.37,8,Beauty,Shampoo,Debit Card
c53028ab,1264.62,998.49,4,Haircare,Perfume,Credit Card
c0e09f9b,6323.58,409.78,7,Skincare,Lipstick,Credit Card
3951412f,3841.69,809.57,5,Beauty,Shampoo,UPI
b27a1ec2,7301.15,887.45,4,Beauty,Lipstick,Cash on Delivery
dd4002ef,8491.94,128.18,10,Fragrance,Lipstick,Cash on Delivery
76d8e4ab,3657.91,542.31,6,Makeup,Foundation,Credit Card
e836100f,6993.77,52.47,10,Beauty,Foundation,UPI
8c166333,6877.98,97.0,7,Skincare,Shampoo,Debit Card
9f95446e,6880.88,448.39,4,Haircare,Perfume,Credit Card
3e673726,104.13,153.59,8,Haircare,Shampoo,Debit Card
aa72eea0,7350.6,27.44,3,Beauty,Foundation,UPI
d44515e5,2670.86,996.6,8,Fragrance,Lipstick,Debit Card
859b2090,3110.15,307.83,8,Makeup,Perfume,Cash on Delivery
4d8394d4,7450.01,624.89,7,Skincare,Lipstick,Cash on Delivery
f4acde61,6302.82,771.44,8,Fragrance,Moisturizer,Debit Card
cfc9ebfe,140.12,772.06,8,Haircare,Shampoo,Debit Card
8cc1d98c,6910.77,80.94,10,Makeup,Shampoo,UPI
5ef093e9,911.28,845.81,4,Haircare,Shampoo,UPI
2f780ed7,7957.79,786.58,1,Makeup,Foundation,Cash on Delivery
6351a1f0,1164.68,538.3,10,Fragrance,Foundation,Cash on Delivery
7b956194,6650.34,133.66,7,Haircare,Perfume,Credit Card
e5445284,6617.46,962.62,9,Haircare,Perfume,Cash on Delivery
f17b7af8,4930.39,323.09,10,Beauty,Perfume,UPI
1c1c0c25,6660.41,326.48,6,Haircare,Foundation,Cash on Delivery
78e5d3a8,8939.4,286.66,1,Makeup,Foundation,UPI
2cd0060a,2425.09,96.18,5,Beauty,Lipstick,UPI
cf9f1dbf,2706.16,196.98,3,Skincare,Perfume,Cash on Delivery
889a8860,4222.97,120.62,2,Haircare,Moisturizer,Credit Card
6d17b212,4587.63,426.3,9,Fragrance,Shampoo,Cash on Delivery
2c0b3a19,2058.91,53.43,3,Haircare,Moisturizer,Cash on Delivery
ac4fe321,973.33,202.28,2,Makeup,Lipstick,Cash on Delivery
e707d98b,6486.17,843.92,2,Makeup,Lipstick,Cash on Delivery
5c69a150,2802.12,162.97,1,Makeup,Moisturizer,Credit Card
491fb4e1,9012.77,440.59,3,Makeup,Foundation,Debit Card
0f43defa,4681.75,717.17,10,Beauty,Foundation,Cash on Delivery
33d4d4ec,3607.42,346.02,10,Haircare,Perfume,Debit Card
9b1e13bf,560.28,714.66,4,Haircare,Shampoo,UPI
053a952f,5032.34,310.74,4,Fragrance,Moisturizer,UPI
6b962d5e,5598.92,307.62,2,Beauty,Moisturizer,UPI
a51a412f,3928.15,892.23,10,Beauty,Lipstick,Debit Card
7a491973,1036.42,963.62,9,Fragrance,Foundation,UPI
b8a3af3a,1156.21,245.17,7,Fragrance,Lipstick,Debit Card
d7d47051,9150.95,410.06,6,Makeup,Lipstick,Debit Card
6b72921f,7515.36,720.48,4,Makeup,Lipstick,Debit Card
a2c3c80c,7598.62,453.11,8,Fragrance,Lipstick,Debit Card
b7906cf9,6579.26,565.44,4,Haircare,Shampoo,UPI
2a0ac5d2,8265.0,716.28,4,Fragrance,Shampoo,Credit Card
e6ba05a7,2739.07,865.18,10,Makeup,Shampoo,Cash on Delivery
8e58a515,7571.23,944.03,6,Makeup,Lipstick,UPI
3927d533,1233.19,392.77,1,Beauty,Foundation,Cash on Delivery
b882c3a4,1796.81,675.21,10,Beauty,Moisturizer,Cash on Delivery
d2edcc6c,1101.17,791.94,10,Haircare,Shampoo,UPI
df6bcea3,7465.45,855.0,1,Fragrance,Moisturizer,Cash on Delivery
7cfb2099,3716.36,30.05,2,Haircare,Lipstick,Cash on Delivery
0fc47c41,3005.41,501.61,8,Beauty,Foundation,UPI
f9a19971,6902.57,186.22,7,Haircare,Perfume,Debit Card
cff6c47d,4337.89,220.48,1,Fragrance,Moisturizer,Credit Card
d2527a51,8238.09,640.64,5,Makeup,Lipstick,UPI
036582a7,4388.3,859.12,9,Haircare,Perfume,Credit Card
8ceb58ac,4070.99,773.55,5,Skincare,Perfume,Debit Card
5fd5df77,4247.08,146.37,4,Haircare,Shampoo,UPI
09ca2926,8220.33,666.71,4,Makeup,Foundation,Cash on Delivery
7183a6f2,4239.94,390.14,5,Skincare,Shampoo,Cash on Delivery
2fde31ce,4646.15,374.11,9,Beauty,Foundation,Credit Card
4081479e,4605.28,735.5,2,Fragrance,Perfume,Credit Card
0f775ae3,7749.71,524.51,4,Makeup,Moisturizer,Credit Card
25771668,4783.6,603.31,9,Makeup,Perfume,Credit Card
076bc8c8,9948.65,596.91,8,Skincare,Moisturizer,Credit Card
68dca7f4,9273.19,354.09,7,Skincare,Moisturizer,Credit Card
a3739b7b,550.48,363.65,3,Haircare,Moisturizer,Credit Card
799b130d,3542.8,358.42,9,Skincare,Perfume,Cash on Delivery
1e4ab130,7771.95,143.3,2,Fragrance,Moisturizer,UPI
24cb2035,565.27,496.31,3,Fragrance,Perfume,Cash on Delivery
00a21d01,3864.74,739.54,6,Fragrance,Lipstick,UPI
ecf41a6c,3660.57,812.23,3,Haircare,Perfume,Debit Card
753c5b35,717.74,450.43,10,Haircare,Moisturizer,Debit Card
af189252,7905.13,568.59,6,Fragrance,Perfume,Debit Card
0c222aff,1584.33,555.1,2,Makeup,Foundation,Cash on Delivery
9b989846,3541.05,119.3,1,Fragrance,Moisturizer,Cash on Delivery
0d8094ab,3990.82,261.86,6,Makeup,Foundation,Credit Card
ab63a8a5,8555.43,693.53,3,Haircare,Lipstick,UPI
4628619c,6586.45,143.54,1,Fragrance,Shampoo,Cash on Delivery
3aff5dc3,2106.32,792.34,7,Skincare,Perfume,Cash on Delivery
83895b0e,8582.18,349.18,9,Skincare,Perfume,UPI
2e215041,2651.68,984.11,8,Skincare,Shampoo,UPI
032698cd,1870.25,665.64,10,Fragrance,Lipstick,Credit Card
364be74b,6978.18,384.05,10,Beauty,Moisturizer,UPI
77f27c9a,4949.61,909.22,3,Skincare,Shampoo,Debit Card
9896eacd,7337.44,454.84,3,Skincare,Moisturizer,Credit Card
4d82952e,226.15,187.68,1,Makeup,Perfume,Debit Card
7e70403e,8955.97,490.52,8,Makeup,Perfume,Credit Card
4e418473,9682.27,436.3,6,Fragrance,Perfume,Credit Card
5abc7bdd,510.87,773.53,6,Makeup,Moisturizer,Debit Card
047a5a4d,4336.78,972.47,8,Fragrance,Foundation,Cash on Delivery
873e9286,1748.68,888.04,5,Haircare,Perfume,Cash on Delivery
894cbd65,7026.18,199.83,2,Skincare,Lipstick,UPI
aefe3b2e,9630.65,395.1,10,Beauty,Shampoo,Debit Card
f346fdc5,3520.65,435.35,10,Skincare,Perfume,Debit Card
bf1d44b8,4259.83,844.62,3,Haircare,Foundation,Debit Card
3205401b,5084.09,428.16,8,Haircare,Moisturizer,Cash on Delivery
7ecc0135,5477.27,981.05,8,Makeup,Foundation,Credit Card
de49512d,1502.92,804.18,7,Haircare,Moisturizer,Cash on Delivery
ad5799fa,2224.87,939.49,7,Makeup,Lipstick,Debit Card
465c856f,5346.16,621.53,6,Makeup,Foundation,Debit Card
bfe55b9c,1515.89,51.16,6,Haircare,Moisturizer,Cash on Delivery
71dfb8a6,2610.89,391.09,2,Makeup,Shampoo,Debit Card
9b6d4fb1,5222.79,685.09,2,Haircare,Shampoo,Debit Card
f33fd5f3,4910.31,418.74,1,Fragrance,Lipstick,UPI
cab18939,8379.98,631.37,4,Skincare,Perfume,Credit Card
f94491b7,4728.02,635.81,9,Skincare,Shampoo,UPI
ccf71231,2385.12,701.74,5,Makeup,Foundation,UPI
6c2cc71d,6563.03,164.81,9,Beauty,Moisturizer,Debit Card
5f40e823,5793.09,150.18,8,Fragrance,Lipstick,Cash on Delivery
9d86a3b0,5918.26,76.43,6,Makeup,Moisturizer,Cash on Delivery
cb01e20c,6333.55,349.97,7,Skincare,Foundation,Cash on Delivery
5654e5fb,1142.13,938.56,4,Beauty,Perfume,Debit Card
a210978f,5216.96,235.53,9,Makeup,Lipstick,UPI
d8746cb4,1514.63,778.37,7,Fragrance,Shampoo,Debit Card
c1efb075,9019.18,252.8,5,Skincare,Moisturizer,Credit Card
b0dc53e3,195.97,571.3,8,Beauty,Perfume,Cash on Delivery
fb15d3fb,1616.35,440.53,10,Beauty,Lipstick,Credit Card
6d62e90d,2966.6,408.46,8,Beauty,Perfume,UPI
8faf1c5e,4435.04,810.49,8,Skincare,Perfume,Credit Card
e92f1afb,7280.77,501.68,7,Beauty,Shampoo,Cash on Delivery
3d979462,6282.81,530.72,2,Makeup,Foundation,Credit Card
c0489758,7059.27,972.03,3,Beauty,Moisturizer,Cash on Delivery
7fe65c46,6046.91,156.1,1,Beauty,Foundation,Debit Card
8f4303e3,365.59,150.65,5,Skincare,Foundation,UPI
b3b18de7,9250.88,947.11,2,Fragrance,Moisturizer,Cash on Delivery
5b3191f4,8368.75,351.4,9,Haircare,Moisturizer,Debit Card
d8177ba7,9994.07,497.49,2,Skincare,Perfume,Cash on Delivery
4112c37f,6077.21,528.88,1,Haircare,Foundation,Credit Card
c372cf7e,8285.25,224.16,1,Fragrance,Foundation,Debit Card
8f22970f,1800.46,60.96,1,Makeup,Moisturizer,Debit Card
c462adc9,3276.97,177.81,10,Makeup,Lipstick,Cash on Delivery
a3c71da4,8172.49,298.93,6,Fragrance,Lipstick,Credit Card
a8303ff3,2164.81,426.87,7,Fragrance,Foundation,Debit Card
bad0ed34,9972.56,936.64,8,Skincare,Perfume,UPI
18614b49,4516.06,851.7,10,Haircare,Shampoo,Credit Card
3bfeb366,1711.95,707.93,1,Haircare,Perfume,UPI
a40c2ea9,9023.1,191.08,2,Skincare,Moisturizer,Debit Card
46f2f12d,6574.4,685.62,7,Makeup,Moisturizer,Cash on Delivery
2af1d87d,6688.48,63.71,4,Haircare,Moisturizer,Debit Card
a2437cbf,3766.89,520.41,9,Haircare,Foundation,Credit Card
15e50dc9,9345.97,93.31,3,Beauty,Foundation,UPI
105b6c0a,8085.77,165.94,9,Beauty,Lipstick,Credit Card
2d2031a2,6783.23,742.84,5,Skincare,Moisturizer,Credit Card
43749db5,1458.53,288.72,8,Skincare,Foundation,Credit Card
c6392cc3,9940.08,444.41,2,Makeup,Shampoo,Credit Card
47449039,9022.89,129.17,10,Beauty,Perfume,UPI
a6b69775,9054.31,604.15,6,Makeup,Lipstick,Credit Card
6556c6cc,9588.0,783.21,10,Haircare,Moisturizer,Credit Card
1a4c5c2c,4009.69,131.51,6,Haircare,Shampoo,Credit Card
4c6e3cd3,7015.07,386.8,8,Fragrance,Moisturizer,Credit Card
5c0af248,2385.52,247.53,9,Fragrance,Lipstick,Debit Card
9ab0d520,5127.35,72.2,8,Fragrance,Moisturizer,UPI
f668b84a,9380.14,281.23,6,Beauty,Foundation,Debit Card
52ddbf59,2164.39,446.21,6,Fragrance,Perfume,Cash on Delivery
69609844,3693.23,163.23,8,Beauty,Perfume,Debit Card
f2b51e40,4959.42,642.25,10,Fragrance,Perfume,Debit Card
7f95a753,4779.03,681.53,5,Beauty,Perfume,Credit Card
b590b0c9,1098.06,923.65,6,Beauty,Foundation,UPI
83610af2,2200.02,140.48,3,Makeup,Lipstick,UPI
c2d892c5,8810.33,874.36,3,Fragrance,Shampoo,Credit Card
58f9cab4,405.17,825.91,4,Skincare,Lipstick,Credit Card
222cdc48,8155.04,198.66,2,Haircare,Perfume,Debit Card
b2480c31,7458.19,240.95,4,Haircare,Foundation,UPI
71d83505,1742.76,764.66,2,Fragrance,Shampoo,UPI
737308ab,1326.17,891.98,1,Haircare,Foundation,UPI
e04f8d12,1017.69,981.7,5,Skincare,Moisturizer,UPI
a125f853,7397.29,431.87,7,Fragrance,Perfume,Cash on Delivery
2359a6a6,5574.18,118.01,7,Makeup,Shampoo,Credit Card
7a67971a,8176.47,167.74,9,Skincare,Perfume,Debit Card
46bcc84b,659.52,815.15,1,Fragrance,Lipstick,Cash on Delivery
d6884411,760.01,981.78,6,Fragrance,Moisturizer,Credit Card
498b7915,1121.96,230.92,2,Skincare,Foundation,Credit Card
4347fb46,1863.97,637.43,10,Beauty,Moisturizer,Cash on Delivery
133274db,9138.89,29.18,6,Skincare,Lipstick,Debit Card
8ef630bb,1542.12,383.3,1,Haircare,Moisturizer,Debit Card
afad1178,6607.78,863.04,7,Fragrance,Foundation,Debit Card
2c793b3c,6644.38,435.92,1,Fragrance,Shampoo,Credit Card
11d88ef6,3482.83,509.3,4,Skincare,Perfume,Cash on Delivery
4efb04e4,5546.52,772.17,6,Haircare,Moisturizer,Credit Card
ad9b4ed6,2366.49,160.71,9,Haircare,Lipstick,Cash on Delivery
bc453f5e,3665.34,636.04,4,Beauty,Perfume,Debit Card
a2efa2d3,9937.24,126.7,4,Beauty,Foundation,Credit Card
62f932b9,6616.06,487.41,3,Haircare,Lipstick,Credit Card
f4cf8336,7584.22,376.6,5,Fragrance,Moisturizer,UPI
0dfbff6d,8584.08,831.9,10,Haircare,Lipstick,Debit Card
9b29f750,9615.69,826.95,7,Skincare,Lipstick,Debit Card
48772b7a,1098.16,118.74,7,Makeup,Moisturizer,UPI
0c7c4bd7,8712.92,775.72,2,Fragrance,Perfume,Cash on Delivery
5d20a36e,8646.87,375.02,3,Makeup,Perfume,UPI
3891875c,5040.85,379.68,7,Beauty,Foundation,Cash on Delivery
8d353560,3728.59,395.23,8,Skincare,Lipstick,Credit Card
9820d8fd,2700.32,955.41,7,Haircare,Foundation,Debit Card
d990065c,5584.85,180.88,6,Makeup,Perfume,Cash on Delivery
c894bc4a,5332.57,392.88,3,Haircare,Moisturizer,Cash on Delivery
d67c8deb,7810.05,324.96,1,Skincare,Foundation,UPI
18e08e3f,9166.02,340.14,10,Skincare,Lipstick,Cash on Delivery
90680f96,1106.76,351.92,3,Fragrance,Shampoo,Debit Card
211d9001,7073.34,570.45,1,Haircare,Shampoo,Cash on Delivery
08a06bf5,1732.74,605.88,4,Skincare,Lipstick,Cash on Delivery
7eb97e4d,5698.74,935.65,1,Haircare,Moisturizer,Cash on Delivery
9a405931,2827.96,899.7,3,Fragrance,Shampoo,UPI
7f58275f,911.81,563.87,5,Beauty,Shampoo,Credit Card
628c2b60,2172.21,270.97,7,Makeup,Lipstick,Credit Card
34179f0d,4483.99,742.66,6,Haircare,Shampoo,Cash on Delivery
358832d1,9539.8,679.59,3,Skincare,Lipstick,Debit Card
99e91bd7,2175.75,893.94,2,Haircare,Perfume,Debit Card
3e150b0f,4499.03,908.11,10,Fragrance,Moisturizer,Cash on Delivery
f8c006f5,8841.0,21.49,5,Skincare,Lipstick,Debit Card
49b84c84,9554.9,328.97,7,Haircare,Moisturizer,Debit Card
2e6fb8f9,4493.79,425.93,8,Haircare,Perfume,Credit Card
33fe2bee,8630.43,153.61,2,Skincare,Perfume,Cash on Delivery
d86609d8,1833.36,936.65,4,Skincare,Lipstick,Credit Card
960d07b0,9194.75,556.55,6,Beauty,Shampoo,UPI
4144edb1,7604.59,28.68,8,Fragrance,Perfume,Cash on Delivery
bee8f1f0,2142.32,581.65,6,Makeup,Foundation,Debit Card
5af6c803,4867.85,588.89,8,Fragrance,Foundation,Debit Card
165ca4ca,6802.04,972.88,7,Haircare,Foundation,Cash on Delivery
b3947858,1334.67,721.02,10,Skincare,Moisturizer,Debit Card
358d6b92,3053.4,156.94,4,Haircare,Perfume,Debit Card
483b27f5,2916.52,245.67,7,Skincare,Shampoo,UPI
e24de449,6739.22,848.09,9,Fragrance,Foundation,Credit Card
a6b667dd,5203.78,137.54,3,Skincare,Perfume,Credit Card
0b6dad30,8173.77,502.65,8,Beauty,Moisturizer,Cash on Delivery
1f2f89ef,6985.31,780.53,3,Haircare,Perfume,UPI
a485624a,3290.93,61.82,6,Skincare,Moisturizer,Cash on Delivery
b143d92f,765.23,834.37,5,Makeup,Moisturizer,Cash on Delivery
7c745278,7782.16,292.55,4,Beauty,Foundation,UPI
12263016,3496.5,597.39,4,Beauty,Shampoo,Credit Card
177593d3,5590.06,852.25,8,Makeup,Foundation,Credit Card
767e11b1,8989.0,63.43,7,Makeup,Foundation,Cash on Delivery
0f97a240,2374.06,631.05,3,Beauty,Moisturizer,Credit Card
8af2a241,1378.09,450.11,8,Makeup,Lipstick,Cash on Delivery
d55fda27,6708.44,836.17,5,Skincare,Shampoo,Debit Card
5375a6c6,1613.92,312.49,1,Beauty,Lipstick,Credit Card
34d6e843,3706.54,349.1,9,Haircare,Foundation,Credit Card
dca633d9,4021.51,449.3,6,Haircare,Shampoo,Credit Card
4227b6a7,9299.86,79.94,5,Beauty,Foundation,UPI
8ae69874,2542.68,745.75,10,Makeup,Perfume,Credit Card
740e6151,9303.26,539.17,1,Fragrance,Lipstick,UPI
54545414,359.26,685.32,7,Fragrance,Shampoo,Credit Card
521a7c03,4901.5,674.38,4,Haircare,Moisturizer,UPI
12a40f9f,8833.3,288.15,6,Haircare,Foundation,Debit Card
9b61f219,7437.19,311.35,10,Beauty,Foundation,Cash on Delivery
acd99ff7,9946.13,602.99,10,Fragrance,Moisturizer,Credit Card
bbcf7fda,4391.55,820.62,1,Fragrance,Shampoo,Cash on Delivery
1a8d061f,5857.95,164.22,9,Skincare,Perfume,Debit Card
e978cf65,7386.77,605.4,4,Skincare,Lipstick,Cash on Delivery
f7e9d608,4292.73,351.97,1,Fragrance,Shampoo,UPI
02416714,4211.89,988.94,10,Fragrance,Lipstick,Cash on Delivery
d016e582,3384.42,121.52,1,Haircare,Lipstick,Debit Card
83c47d1d,5711.71,212.82,5,Skincare,Foundation,Debit Card
ba86853c,7866.69,531.65,2,Haircare,Perfume,UPI
59bf974f,3116.94,920.87,2,Makeup,Shampoo,Debit Card
1e334a79,5056.76,744.31,6,Skincare,Shampoo,Cash on Delivery
ae4da2c6,9703.08,503.0,5,Beauty,Perfume,Cash on Delivery
c0b4eaa2,4898.65,931.77,4,Fragrance,Moisturizer,Debit Card
39140a70,6260.85,48.83,5,Beauty,Moisturizer,Cash on Delivery
17893935,5473.35,822.71,3,Beauty,Perfume,UPI
4543a8b4,8342.65,550.21,7,Fragrance,Shampoo,Credit Card
84769791,1797.27,166.7,4,Makeup,Lipstick,Debit Card
9ffdba3a,7798.13,402.61,7,Skincare,Moisturizer,Credit Card
00d60e81,1111.89,413.75,8,Makeup,Moisturizer,Debit Card
aa0e58cb,9735.54,623.84,6,Haircare,Moisturizer,Credit Card
2a82bdb7,4708.65,883.99,3,Skincare,Foundation,UPI
a8ee6c84,6059.45,37.01,6,Fragrance,Foundation,UPI
bf7106a5,2111.84,280.97,4,Skincare,Foundation,Cash on Delivery
8fcc271d,2725.31,159.15,3,Haircare,Lipstick,UPI
7be063ef,8930.46,660.12,3,Skincare,Lipstick,Cash on Delivery
781c9515,8632.57,479.08,5,Skincare,Moisturizer,Cash on Delivery
714eebbf,5393.83,738.11,5,Skincare,Perfume,Cash on Delivery
161f8e69,3018.02,854.62,5,Makeup,Perfume,Debit Card
453f0838,9020.78,649.63,2,Beauty,Lipstick,Credit Card
7f8afa0b,8513.23,673.55,1,Makeup,Moisturizer,UPI
a5c912ea,4279.11,518.83,3,Beauty,Shampoo,Cash on Delivery
49453b7f,685.1,680.34,5,Haircare,Foundation,Credit Card
31381583,4572.61,890.32,9,Beauty,Shampoo,Credit Card
0e2c97ea,4612.77,47.8,7,Haircare,Shampoo,Debit Card
d589f40b,5883.14,250.96,4,Beauty,Shampoo,Debit Card
3bc3e325,9554.77,738.33,8,Skincare,Perfume,UPI
1c21657d,9765.85,265.38,5,Makeup,Shampoo,Credit Card
da3bea2b,4158.06,710.22,1,Fragrance,Shampoo,UPI
9302a5cf,2200.63,299.12,10,Skincare,Lipstick,UPI
a9c75b1a,3452.57,490.9,1,Haircare,Shampoo,Debit Card
761f6d21,3504.02,435.62,5,Fragrance,Moisturizer,Debit Card
46c2ec4b,177.95,443.18,3,Makeup,Perfume,UPI
3793deca,9774.83,496.33,1,Haircare,Moisturizer,UPI
5cd82453,8492.84,160.53,4,Beauty,Moisturizer,Debit Card
b904bdbc,6269.24,767.05,6,Makeup,Perfume,Cash on Delivery
53582d76,7932.69,914.68,9,Fragrance,Shampoo,Cash on Delivery
d0132039,7590.78,365.72,5,Makeup,Foundation,Credit Card
43e128f8,6913.38,280.7,8,Beauty,Moisturizer,UPI
bd96ad85,5453.31,77.29,1,Beauty,Lipstick,Debit Card
635dd2fc,3043.9,241.08,7,Fragrance,Shampoo,Cash on Delivery
334ff738,7660.87,35.02,5,Skincare,Foundation,Debit Card
c4eb4773,2713.54,944.93,7,Haircare,Foundation,Credit Card
a286cc1e,696.55,287.24,10,Makeup,Perfume,UPI
39c9558f,3639.42,482.28,1,Haircare,Shampoo,Cash on Delivery
0e05f816,7118.62,969.2,10,Beauty,Lipstick,Debit Card
ab07ffe2,6940.77,289.11,8,Haircare,Moisturizer,Credit Card
20650053,8207.6,749.79,5,Haircare,Shampoo,Cash on Delivery
0e0e249a,2167.43,943.39,2,Haircare,Perfume,Debit Card
1b6ae8f6,3053.7,691.42,9,Beauty,Moisturizer,Credit Card
40d4b41f,2218.39,507.84,8,Beauty,Moisturizer,Cash on Delivery
809a6de7,2237.37,392.38,9,Haircare,Perfume,Cash on Delivery
d776585b,8646.63,855.64,6,Fragrance,Shampoo,Debit Card
d537fd01,1748.91,822.66,3,Fragrance,Lipstick,Cash on Delivery
7ada1780,9542.46,427.24,5,Beauty,Shampoo,Credit Card
f96bc27e,650.86,243.55,8,Beauty,Moisturizer,Debit Card
a72ba362,7842.07,928.21,5,Fragrance,Perfume,Credit Card
e1af35c8,6789.58,430.09,7,Fragrance,Moisturizer,UPI
fbe16b36,3861.93,933.63,5,Makeup,Perfume,Debit Card
042a0539,9009.36,443.27,2,Makeup,Shampoo,Credit Card
b8048846,4239.01,40.25,2,Skincare,Shampoo,Debit Card
8c02e1fe,2191.74,595.99,3,Makeup,Foundation,Cash on Delivery
01d4ab70,8905.8,24.97,8,Haircare,Lipstick,Cash on Delivery
a17e390d,2343.77,887.74,6,Beauty,Moisturizer,Cash on Delivery
3307ccbd,9641.02,80.4,5,Fragrance,Perfume,Credit Card
c2e74728,5700.93,471.98,5,Skincare,Foundation,Credit Card
09eced0f,163.15,631.5,6,Makeup,Shampoo,Cash on Delivery
674e976f,2354.55,110.29,7,Makeup,Moisturizer,Debit Card
7e43b306,5090.12,374.0,2,Beauty,Moisturizer,Cash on Delivery
2cbdfbd7,1305.39,24.45,7,Beauty,Lipstick,Credit Card
02f82a50,8476.22,768.04,6,Fragrance,Moisturizer,Credit Card
24aab3d3,7741.47,191.83,2,Beauty,Shampoo,UPI
96c0232f,6423.95,266.33,8,Makeup,Shampoo,Cash on Delivery
886c6327,3568.37,668.57,6,Skincare,Perfume,Debit Card
4921858b,2777.84,105.24,9,Fragrance,Shampoo,Cash on Delivery
80094596,2239.49,767.31,4,Fragrance,Shampoo,UPI
9e0d932e,8316.65,261.54,3,Beauty,Moisturizer,Credit Card
3e64989e,4684.19,967.14,10,Skincare,Perfume,Credit Card
c0e0c925,1865.54,217.01,2,Fragrance,Shampoo,Credit Card
c0a594fa,8859.03,53.55,5,Haircare,Moisturizer,UPI
eb77b906,366.09,434.88,6,Fragrance,Lipstick,Cash on Delivery
13c56d68,913.82,540.84,10,Skincare,Shampoo,Debit Card
9fa6b12a,9882.68,787.81,8,Haircare,Perfume,Credit Card
74ac6907,8957.22,130.13,1,Fragrance,Perfume,Credit Card
cabe2321,6570.28,726.4,4,Fragrance,Moisturizer,Debit Card
adeb3a55,383.32,479.23,5,Makeup,Lipstick,Credit Card
e50f7f81,6242.18,392.22,7,Skincare,Foundation,Cash on Delivery
260f7366,8845.67,223.85,5,Fragrance,Moisturizer,Credit Card
71b41d01,7168.18,719.23,2,Fragrance,Perfume,Cash on Delivery
4068ce56,2469.12,184.06,6,Skincare,Foundation,Debit Card
3e087114,8154.47,459.37,6,Haircare,Perfume,UPI
caf08a16,5635.81,281.36,6,Beauty,Perfume,Debit Card
b84a4e00,2826.03,441.48,10,Beauty,Perfume,Debit Card
eaade9f6,4944.78,734.77,9,Skincare,Moisturizer,Cash on Delivery
9d7eecd6,7800.15,88.37,2,Beauty,Shampoo,Cash on Delivery
dcae780a,5170.17,356.02,1,Beauty,Lipstick,Cash on Delivery
3e7b1cb9,2706.25,692.8,7,Haircare,Perfume,UPI
2b706b20,3215.61,980.29,8,Haircare,Shampoo,Credit Card
88a7c34f,2436.2,627.63,4,Haircare,Lipstick,Cash on Delivery
dad0baeb,8718.1,769.12,8,Makeup,Shampoo,Cash on Delivery
a9d2a128,9925.89,212.54,9,Skincare,Shampoo,Cash on Delivery
78e9c115,5998.59,421.15,9,Haircare,Perfume,UPI
